-- MySQL dump 10.13  Distrib 8.0.33, for Linux (x86_64)
--
-- Host: localhost    Database: red-limo-db
-- ------------------------------------------------------
-- Server version       8.0.33

/*!40101 SET @OLD_CHARACTER_SET_CLIENT=@@CHARACTER_SET_CLIENT */;
/*!40101 SET @OLD_CHARACTER_SET_RESULTS=@@CHARACTER_SET_RESULTS */;
/*!40101 SET @OLD_COLLATION_CONNECTION=@@COLLATION_CONNECTION */;
/*!50503 SET NAMES utf8mb4 */;
/*!40103 SET @OLD_TIME_ZONE=@@TIME_ZONE */;
/*!40103 SET TIME_ZONE='+00:00' */;
/*!40014 SET @OLD_UNIQUE_CHECKS=@@UNIQUE_CHECKS, UNIQUE_CHECKS=0 */;
/*!40014 SET @OLD_FOREIGN_KEY_CHECKS=@@FOREIGN_KEY_CHECKS, FOREIGN_KEY_CHECKS=0 */;
/*!40101 SET @OLD_SQL_MODE=@@SQL_MODE, SQL_MODE='NO_AUTO_VALUE_ON_ZERO' */;
/*!40111 SET @OLD_SQL_NOTES=@@SQL_NOTES, SQL_NOTES=0 */;

--
-- Table structure for table `category`
--

DROP TABLE IF EXISTS `category`;
/*!40101 SET @saved_cs_client     = @@character_set_client */;
/*!50503 SET character_set_client = utf8mb4 */;
CREATE TABLE `category` (
  `category_idx` int NOT NULL AUTO_INCREMENT,
  `create_time` datetime(6) DEFAULT NULL,
  `update_time` datetime(6) DEFAULT NULL,
  `category_name` varchar(255) COLLATE utf8mb4_unicode_ci DEFAULT NULL,
  `place_info` varchar(255) COLLATE utf8mb4_unicode_ci DEFAULT NULL,
  PRIMARY KEY (`category_idx`)
) ENGINE=InnoDB AUTO_INCREMENT=9 DEFAULT CHARSET=utf8mb4 COLLATE=utf8mb4_unicode_ci;
/*!40101 SET character_set_client = @saved_cs_client */;

--
-- Dumping data for table `category`
--

LOCK TABLES `category` WRITE;
/*!40000 ALTER TABLE `category` DISABLE KEYS */;
INSERT INTO `category` VALUES (1,'2023-04-28 17:00:43.000000','2023-04-28 17:00:48.000000','가공식품','a'),(2,'2023-04-28 17:00:43.000000','2023-04-28 17:00:48.000000','신선식품','b'),(3,'2023-04-28 17:00:44.000000','2023-04-28 17:00:49.000000','일상용품','c'),(4,'2023-04-28 17:00:44.000000','2023-04-28 17:00:49.000000','의약품','d'),(5,'2023-04-28 17:00:44.000000','2023-04-28 17:00:50.000000','교육, 문화용품','e'),(6,'2023-04-28 17:00:45.000000','2023-04-28 17:00:50.000000','디지털','f'),(7,'2023-04-28 17:00:45.000000','2023-04-28 17:00:50.000000','인테리어','g'),(8,'2023-04-28 17:00:46.000000','2023-04-28 17:00:51.000000','스포츠','h');
/*!40000 ALTER TABLE `category` ENABLE KEYS */;
UNLOCK TABLES;

--
-- Table structure for table `favorite`
--

DROP TABLE IF EXISTS `favorite`;
/*!40101 SET @saved_cs_client     = @@character_set_client */;
/*!50503 SET character_set_client = utf8mb4 */;
CREATE TABLE `favorite` (
  `favorite_idx` int NOT NULL AUTO_INCREMENT,
  `create_time` datetime(6) DEFAULT NULL,
  `update_time` datetime(6) DEFAULT NULL,
  `category_idx` int DEFAULT NULL,
  `item_idx` int DEFAULT NULL,
  `user_idx` int DEFAULT NULL,
  PRIMARY KEY (`favorite_idx`),
  KEY `FKe06tqg246tflgsedwm66y8f62` (`category_idx`),
  KEY `FK6xfpgo6r5ltvc9wgvlrsbfve3` (`item_idx`),
  KEY `FKsom6q07f5fps48ya60n4jmmt5` (`user_idx`),
  CONSTRAINT `FK6xfpgo6r5ltvc9wgvlrsbfve3` FOREIGN KEY (`item_idx`) REFERENCES `item` (`item_idx`) ON DELETE CASCADE,
  CONSTRAINT `FKe06tqg246tflgsedwm66y8f62` FOREIGN KEY (`category_idx`) REFERENCES `category` (`category_idx`) ON DELETE CASCADE,
  CONSTRAINT `FKsom6q07f5fps48ya60n4jmmt5` FOREIGN KEY (`user_idx`) REFERENCES `user` (`user_idx`) ON DELETE CASCADE
) ENGINE=InnoDB DEFAULT CHARSET=utf8mb4 COLLATE=utf8mb4_unicode_ci;
/*!40101 SET character_set_client = @saved_cs_client */;

--
-- Dumping data for table `favorite`
--

LOCK TABLES `favorite` WRITE;
/*!40000 ALTER TABLE `favorite` DISABLE KEYS */;
/*!40000 ALTER TABLE `favorite` ENABLE KEYS */;
UNLOCK TABLES;

--
-- Table structure for table `favorite_category`
--

DROP TABLE IF EXISTS `favorite_category`;
/*!40101 SET @saved_cs_client     = @@character_set_client */;
/*!50503 SET character_set_client = utf8mb4 */;
CREATE TABLE `favorite_category` (
  `favorite_category_idx` int NOT NULL AUTO_INCREMENT,
  `create_time` datetime(6) DEFAULT NULL,
  `update_time` datetime(6) DEFAULT NULL,
  `category_idx` int DEFAULT NULL,
  `user_idx` int DEFAULT NULL,
  PRIMARY KEY (`favorite_category_idx`),
  KEY `FKdeydg4h8olj3ik7dwglicxtxb` (`category_idx`),
  KEY `FKldgs3b0l3vwxo2w5ucbx0bmet` (`user_idx`),
  CONSTRAINT `FKdeydg4h8olj3ik7dwglicxtxb` FOREIGN KEY (`category_idx`) REFERENCES `category` (`category_idx`) ON DELETE CASCADE,
  CONSTRAINT `FKldgs3b0l3vwxo2w5ucbx0bmet` FOREIGN KEY (`user_idx`) REFERENCES `user` (`user_idx`) ON DELETE CASCADE
) ENGINE=InnoDB DEFAULT CHARSET=utf8mb4 COLLATE=utf8mb4_unicode_ci;
/*!40101 SET character_set_client = @saved_cs_client */;

--
-- Dumping data for table `favorite_category`
--

LOCK TABLES `favorite_category` WRITE;
/*!40000 ALTER TABLE `favorite_category` DISABLE KEYS */;
/*!40000 ALTER TABLE `favorite_category` ENABLE KEYS */;
UNLOCK TABLES;

--
-- Table structure for table `item`
--

DROP TABLE IF EXISTS `item`;
/*!40101 SET @saved_cs_client     = @@character_set_client */;
/*!50503 SET character_set_client = utf8mb4 */;
CREATE TABLE `item` (
  `item_idx` int NOT NULL AUTO_INCREMENT,
  `create_time` datetime(6) DEFAULT NULL,
  `update_time` datetime(6) DEFAULT NULL,
  `barcode` varchar(255) COLLATE utf8mb4_unicode_ci DEFAULT NULL,
  `inventory` int DEFAULT NULL,
  `item_name` varchar(255) COLLATE utf8mb4_unicode_ci DEFAULT NULL,
  `place_info` varchar(255) COLLATE utf8mb4_unicode_ci DEFAULT NULL,
  `price` int DEFAULT NULL,
  `thumbnail` varchar(255) COLLATE utf8mb4_unicode_ci DEFAULT NULL,
  `weight` int DEFAULT NULL,
  `category_idx` int DEFAULT NULL,
  PRIMARY KEY (`item_idx`),
  KEY `FK6ektfxybwnvmqri46br6e9vbe` (`category_idx`),
  CONSTRAINT `FK6ektfxybwnvmqri46br6e9vbe` FOREIGN KEY (`category_idx`) REFERENCES `category` (`category_idx`) ON DELETE CASCADE
) ENGINE=InnoDB AUTO_INCREMENT=271 DEFAULT CHARSET=utf8mb4 COLLATE=utf8mb4_unicode_ci;
/*!40101 SET character_set_client = @saved_cs_client */;

--
-- Dumping data for table `item`
--

LOCK TABLES `item` WRITE;
/*!40000 ALTER TABLE `item` DISABLE KEYS */;
INSERT INTO `item` VALUES (1,'2023-05-01 10:27:00.000000','2023-05-16 06:03:18.879301','8801045055961',98,'죽장연 빠개장면','17',1300,'images/8801045055961_thumb.png',130,1),(2,'2023-05-01 10:27:00.000000','2023-05-16 14:38:41.042758','8801045857121',97,'죽장연 빠개장면','17',5200,'images/8801045857121_thumb.png',520,1),(3,'2023-05-01 10:27:00.000000','2023-05-01 10:27:00.000000','8801045627823',100,'오뚜기 짜슐랭','17',29000,'images/8801045627823_thumb.png',2900,1),(4,'2023-05-01 10:27:00.000000','2023-05-16 07:08:05.478561','8801073144200',99,'짜짜로니(더리미티드)','17',6400,'images/8801073144200_thumb.png',640,1),(5,'2023-05-01 10:27:00.000000','2023-05-16 07:06:23.266516','8801043067430',99,'배홍동쫄쫄면','17',1290,'images/8801043067430_thumb.png',129,1),(6,'2023-05-01 10:27:00.000000','2023-05-01 10:27:00.000000','8801045407616',100,'해물짬뽕','17',6000,'images/8801045407616_thumb.png',600,1),(7,'2023-05-01 10:27:00.000000','2023-05-01 10:27:00.000000','8801114161845',100,'메밀 비빔면','17',4692,'images/8801114161845_thumb.png',469,1),(8,'2023-05-01 10:27:00.000000','2023-05-16 06:43:09.631210','8801073114609',99,'삼양라면 골드','17',1200,'images/8801073114609_thumb.png',120,1),(9,'2023-05-01 10:27:00.000000','2023-05-01 10:27:00.000000','8801073101524',100,'짜짜로니','17',1400,'images/8801073101524_thumb.png',140,1),(10,'2023-05-01 10:27:00.000000','2023-05-01 10:27:00.000000','8801073106222',100,'쇠고기면','17',1200,'images/8801073106222_thumb.png',120,1),(11,'2023-05-01 10:27:00.000000','2023-05-16 14:38:41.035273','8809300461809',99,'정새우 오리지널 플러스','18',1500,'images/8809300461809_thumb.png',150,1),(12,'2023-05-01 10:27:00.000000','2023-05-01 10:27:00.000000','8801019611698',100,'오사쯔','18',1290,'images/8801019611698_thumb.png',129,1),(13,'2023-05-01 10:27:00.000000','2023-05-01 10:27:00.000000','8801019611643',100,'칸츄리콘 Sweet','18',1300,'images/8801019611643_thumb.png',130,1),(14,'2023-05-01 10:27:00.000000','2023-05-01 10:27:00.000000','8801062861811',100,'도리토스 나쵸치즈맛','18',10080,'images/8801062861811_thumb.png',1008,1),(15,'2023-05-01 10:27:00.000000','2023-05-01 10:27:00.000000','8801062861804',100,'쌀로만든 쌀로별 고소한맛','18',2020,'images/8801062861804_thumb.png',202,1),(16,'2023-05-01 10:27:00.000000','2023-05-01 10:27:00.000000','8804294025563',100,'초코프레즐','18',950,'images/8804294025563_thumb.png',95,1),(17,'2023-05-01 10:27:00.000000','2023-05-01 10:27:00.000000','8801019317316',100,'홈런볼 바나나스플릿','18',1720,'images/8801019317316_thumb.png',172,1),(18,'2023-05-01 10:27:00.000000','2023-05-01 10:27:00.000000','8809189925010',100,'감자씬스틱 허브솔트맛','18',1000,'images/8809189925010_thumb.png',100,1),(19,'2023-05-01 10:27:00.000000','2023-05-01 10:27:00.000000','8809189925027',100,'감자씬스틱 매콤달콤맛','18',1000,'images/8809189925027_thumb.png',100,1),(20,'2023-05-01 10:27:00.000000','2023-05-01 10:27:00.000000','8809288634837',100,'자모카아몬드훠지 미니 웨하스','18',1000,'images/8809288634837_thumb.png',100,1),(21,'2023-05-01 10:27:00.000000','2023-05-01 10:27:00.000000','5903111586058',100,'밀크시크릿저지방우유 1.5%','23',2000,'images/5903111586058_thumb.png',1000,1),(22,'2023-05-01 10:27:00.000000','2023-05-16 14:38:41.051320','8801115136576',96,'내속이 편안한 우유','23',4600,'images/8801115136576_thumb.png',2300,1),(23,'2023-05-01 10:27:00.000000','2023-05-01 10:27:00.000000','8801155742423',100,'덴마크 유기농 우유','24',960,'images/8801155742423_thumb.png',480,1),(24,'2023-05-01 10:27:00.000000','2023-05-01 10:27:00.000000','8801155742430',100,'덴마크 유기농 우유','24',7680,'images/8801155742430_thumb.png',3840,1),(25,'2023-05-01 10:27:00.000000','2023-05-01 10:27:00.000000','8801121039458',100,'소화가 잘되는 우유 단백질','25',3720,'images/8801121039458_thumb.png',1860,1),(26,'2023-05-01 10:27:00.000000','2023-05-01 10:27:00.000000','8801115115649',100,'서울우유 유기농우유','25',7680,'images/8801115115649_thumb.png',3840,1),(27,'2023-05-01 10:27:00.000000','2023-05-01 10:27:00.000000','8801115115632',100,'서울우유 유기농우유','26',960,'images/8801115115632_thumb.png',480,1),(28,'2023-05-01 10:27:00.000000','2023-05-01 10:27:00.000000','8801115115588',100,'서울우유 유기농우유','26',240,'images/8801115115588_thumb.png',120,1),(29,'2023-05-01 10:27:00.000000','2023-05-01 10:27:00.000000','8801526133034',100,'부산우유','27',2000,'images/8801526133034_thumb.png',1000,1),(30,'2023-05-01 10:27:00.000000','2023-05-01 10:27:00.000000','5900512987323',100,'갓밀크 우유','28',2000,'images/5900512987323_thumb.png',1000,1),(31,'2023-05-01 10:27:00.000000','2023-05-01 10:27:00.000000','8809267390204',100,'패밀리란','19',9000,'images/8809267390204_thumb.png',1800,2),(32,'2023-05-01 10:27:00.000000','2023-05-01 10:27:00.000000','8801024953141',100,'아침에온ON 아침계란','19',3900,'images/8801024953141_thumb.png',780,2),(33,'2023-05-01 10:27:00.000000','2023-05-01 10:27:00.000000','8801024951727',100,'아침에ON 아침계란','19',4500,'images/8801024951727_thumb.png',900,2),(34,'2023-05-01 10:27:00.000000','2023-05-01 10:27:00.000000','8801024953134',100,'아침에온ON 아침계란','19',2600,'images/8801024953134_thumb.png',520,2),(35,'2023-05-01 10:27:00.000000','2023-05-01 10:27:00.000000','8801024951734',100,'아침에온ON 아침계란','19',3000,'images/8801024951734_thumb.png',600,2),(36,'2023-05-01 10:27:00.000000','2023-05-01 10:27:00.000000','8801024955428',100,'아침계란','19',6500,'images/8801024955428_thumb.png',1300,2),(37,'2023-05-01 10:27:00.000000','2023-05-01 10:27:00.000000','8801392029851',100,'우리아이 안심란','19',6500,'images/8801392029851_thumb.png',1300,2),(38,'2023-05-01 10:27:00.000000','2023-05-01 10:27:00.000000','8801052100470',100,'동물복지 청정유정란','19',3900,'images/8801052100470_thumb.png',780,2),(39,'2023-05-01 10:27:00.000000','2023-05-01 10:27:00.000000','8801052095301',100,'동물복지 청정유정란','19',7800,'images/8801052095301_thumb.png',1560,2),(40,'2023-05-01 10:27:00.000000','2023-05-01 10:27:00.000000','8801052100463',100,'자유방목 동물복지 유정란','19',2600,'images/8801052100463_thumb.png',520,2),(41,'2023-05-01 10:27:00.000000','2023-05-01 10:27:00.000000','8809045903312',100,'향토미','15',20000,'images/8809045903312_thumb.png',10000,2),(42,'2023-05-01 10:27:00.000000','2023-05-01 10:27:00.000000','8809007360207',100,'삼광쌀','15',40000,'images/8809007360207_thumb.png',20000,2),(43,'2023-05-01 10:27:00.000000','2023-05-01 10:27:00.000000','8809007360108',100,'삼광쌀','15',20000,'images/8809007360108_thumb.png',10000,2),(44,'2023-05-01 10:27:00.000000','2023-05-01 10:27:00.000000','8809007360078',100,'옹헤야 흥해야','15',4000,'images/8809007360078_thumb.png',2000,2),(45,'2023-05-01 10:27:00.000000','2023-05-01 10:27:00.000000','8809007360054',100,'옹헤야 흥해야','15',10000,'images/8809007360054_thumb.png',5000,2),(46,'2023-05-01 10:27:00.000000','2023-05-01 10:27:00.000000','8809182332211',100,'외가집 좋은쌀','15',40000,'images/8809182332211_thumb.png',20000,2),(47,'2023-05-01 10:27:00.000000','2023-05-01 10:27:00.000000','8809182332228',100,'외가집 황토쌀','15',20000,'images/8809182332228_thumb.png',10000,2),(48,'2023-05-01 10:27:00.000000','2023-05-01 10:27:00.000000','8809182332259',100,'외가집 좋은쌀','15',3200,'images/8809182332259_thumb.png',1600,2),(49,'2023-05-01 10:27:00.000000','2023-05-01 10:27:00.000000','8809182332242',100,'외가집 좋은쌀','15',8000,'images/8809182332242_thumb.png',4000,2),(50,'2023-05-01 10:27:00.000000','2023-05-01 10:27:00.000000','8809436363329',100,'삼광','15',900,'images/8809436363329_thumb.png',450,2),(51,'2023-05-01 10:27:00.000000','2023-05-01 10:27:00.000000','8809004934036',100,'좋은물 아삭한 콩나물','20',1250,'images/8809004934036_thumb.png',250,2),(52,'2023-05-01 10:27:00.000000','2023-05-01 10:27:00.000000','8809031554061',100,'참좋은 국산콩나물','20',2500,'images/8809031554061_thumb.png',500,2),(53,'2023-05-01 10:27:00.000000','2023-05-01 10:27:00.000000','8802020335610',100,'990 맛있는 콩나물','20',2500,'images/8802020335610_thumb.png',500,2),(54,'2023-05-01 10:27:00.000000','2023-05-01 10:27:00.000000','8801392031090',100,'국산콩 친환경 콩나물','20',1000,'images/8801392031090_thumb.png',200,2),(55,'2023-05-01 10:27:00.000000','2023-05-01 10:27:00.000000','8801024945863',100,'종가집 국산 전통 콩나물','20',1000,'images/8801024945863_thumb.png',200,2),(56,'2023-05-01 10:27:00.000000','2023-05-01 10:27:00.000000','8801392026270',100,'안심아삭 콩나물','20',900,'images/8801392026270_thumb.png',180,2),(57,'2023-05-01 10:27:00.000000','2023-05-01 10:27:00.000000','8801052058832',100,'쉐프원 요리 숙주','20',5000,'images/8801052058832_thumb.png',1000,2),(58,'2023-05-01 10:27:00.000000','2023-05-01 10:27:00.000000','8801052058818',100,'쉐프원 전통콩나물','20',5000,'images/8801052058818_thumb.png',1000,2),(59,'2023-05-01 10:27:00.000000','2023-05-01 10:27:00.000000','8801392021992',100,'1등급 국산콩 친환경 콩나물','20',1700,'images/8801392021992_thumb.png',340,2),(60,'2023-05-01 10:27:00.000000','2023-05-01 10:27:00.000000','8809657380112',100,'아침햇살 콩나물','20',1250,'images/8809657380112_thumb.png',250,2),(61,'2023-05-01 10:27:00.000000','2023-05-01 10:27:00.000000','8803733341387',100,'락앤락 스텐 하드 500ml(LST502)','16',10000,'images/8803733341387_thumb.png',1000,3),(62,'2023-05-01 10:27:00.000000','2023-05-01 10:27:00.000000','8803733341356',100,'락앤락 스텐 하드 1.2L(LST505)','16',10000,'images/8803733341356_thumb.png',1000,3),(63,'2023-05-01 10:27:00.000000','2023-05-01 10:27:00.000000','8803733341370',100,'락앤락 스텐 하드 600ml(LST503)','16',10000,'images/8803733341370_thumb.png',1000,3),(64,'2023-05-01 10:27:00.000000','2023-05-01 10:27:00.000000','8803733341363',100,'락앤락 스텐 하드 1.0L(LST504)','16',10000,'images/8803733341363_thumb.png',1000,3),(65,'2023-05-01 10:27:00.000000','2023-05-01 10:27:00.000000','8803733341394',100,'락앤락 스텐 하드 400ml(LST501)','16',10000,'images/8803733341394_thumb.png',1000,3),(66,'2023-05-01 10:27:00.000000','2023-05-01 10:27:00.000000','8809651982602',100,'스텐락 네모 3호 270ml','16',10000,'images/8809651982602_thumb.png',1000,3),(67,'2023-05-01 10:27:00.000000','2023-05-01 10:27:00.000000','8809651982619',100,'스텐락 네모 4호 400ml','16',10000,'images/8809651982619_thumb.png',1000,3),(68,'2023-05-01 10:27:00.000000','2023-05-01 10:27:00.000000','8807246009802',100,'글라스락(내열강화유리)','16',10000,'images/8807246009802_thumb.png',1000,3),(69,'2023-05-01 10:27:00.000000','2023-05-01 10:27:00.000000','8807246005071',100,'글라스락(내열강화유리)','16',10000,'images/8807246005071_thumb.png',1000,3),(70,'2023-05-01 10:27:00.000000','2023-05-01 10:27:00.000000','8803733061162',100,'LLG501 햇쌀밥용기 320ml','16',10000,'images/8803733061162_thumb.png',1000,3),(71,'2023-05-01 10:27:00.000000','2023-05-01 10:27:00.000000','8801051225419',100,'온더바디 오가니스트 히말라야 핑크솔트 바디워시 포레스트 민트향','11',9000,'images/8801051225419_thumb.png',900,3),(72,'2023-05-01 10:27:00.000000','2023-05-01 10:27:00.000000','8801051229462',100,'온더바디 벨먼 바스앤소울 바디클렌저 스트레스 릴리프 로즈마리향','11',7500,'images/8801051229462_thumb.png',750,3),(73,'2023-05-01 10:27:00.000000','2023-05-01 10:27:00.000000','8809809428426',100,'쿤달 캐모마일 앤 그린티 리프레싱 바디워시 스위트피오니','11',14000,'images/8809809428426_thumb.png',1400,3),(74,'2023-05-01 10:27:00.000000','2023-05-01 10:27:00.000000','8809711716918',100,'제이멜라 인 프랑스 라임 앤 바질 바디 워시','11',10000,'images/8809711716918_thumb.png',1000,3),(75,'2023-05-01 10:27:00.000000','2023-05-01 10:27:00.000000','8809711716901',100,'제이멜라 인 프랑스 블루밍 피오니 바디 워시','11',10000,'images/8809711716901_thumb.png',1000,3),(76,'2023-05-01 10:27:00.000000','2023-05-01 10:27:00.000000','8809568746809',100,'쿤달 허니 앤 마카다미아 퓨어 바디워시 체리블라썸','12',10580,'images/8809568746809_thumb.png',1058,3),(77,'2023-05-01 10:27:00.000000','2023-05-01 10:27:00.000000','8801051141337',100,'온더바디 벨먼 파퓸드뽀 퍼퓸 바디 클렌저 화이트로즈향','12',6000,'images/8801051141337_thumb.png',600,3),(78,'2023-05-01 10:27:00.000000','2023-05-01 10:27:00.000000','8801051223590',100,'온더바디 벨먼 내추럴 스파 수분광채 사해소금 스크럽 바디클렌저 세이지우디향 ','12',6000,'images/8801051223590_thumb.png',600,3),(79,'2023-05-01 10:27:00.000000','2023-05-01 10:27:00.000000','8801051077698',100,'온더바디 벨먼 내추럴 스파 수분광채 사해소금 스크럽 바디클렌저 자스민향','12',6000,'images/8801051077698_thumb.png',600,3),(80,'2023-05-01 10:27:00.000000','2023-05-01 10:27:00.000000','8809925113145',100,'해피바스 모로코 아르간 & 프리지아 바디워시','12',12000,'images/8809925113145_thumb.png',1200,3),(81,'2023-05-01 10:27:00.000000','2023-05-01 10:27:00.000000','8801046385746',100,'케라시스 데미지 클리닉 단백질 샴푸','13',6000,'images/8801046385746_thumb.png',600,3),(82,'2023-05-01 10:27:00.000000','2023-05-01 10:27:00.000000','8801046385784',100,'케라시스 두피 쿨링 단백질 샴푸','13',6000,'images/8801046385784_thumb.png',600,3),(83,'2023-05-01 10:27:00.000000','2023-05-01 10:27:00.000000','8809803541497',100,'려 본초진 탈모증상완화 샴푸 두피진정','13',3530,'images/8809803541497_thumb.png',353,3),(84,'2023-05-01 10:27:00.000000','2023-05-01 10:27:00.000000','8809803586474',100,'로얄젤리 단백질 샴푸','13',10000,'images/8809803586474_thumb.png',1000,3),(85,'2023-05-01 10:27:00.000000','2023-05-01 10:27:00.000000','8809568749831',100,'쿤달 허니 앤 마카다미아 네이처 샴푸 일랑일랑','13',10580,'images/8809568749831_thumb.png',1058,3),(86,'2023-05-01 10:27:00.000000','2023-05-01 10:27:00.000000','8809665593788',100,'아쿠아 샴푸','14',5000,'images/8809665593788_thumb.png',500,3),(87,'2023-05-01 10:27:00.000000','2023-05-01 10:27:00.000000','8801046371114',100,'애경 클라보 트로피칼 시트러스 딥클린 샴푸','14',9600,'images/8801046371114_thumb.png',960,3),(88,'2023-05-01 10:27:00.000000','2023-05-01 10:27:00.000000','8801046371121',100,'클라보 로맨틱 시트러스 딥클린 샴푸','14',9600,'images/8801046371121_thumb.png',960,3),(89,'2023-05-01 10:27:00.000000','2023-05-01 10:27:00.000000','8801046371138',100,'애경 클라보 프레쉬 시트러스 딥클린 샴푸','14',9600,'images/8801046371138_thumb.png',960,3),(90,'2023-05-01 10:27:00.000000','2023-05-01 10:27:00.000000','8809803577106',100,'미쟝센 펄샤이닝 리페어샴푸 화이트머스크향','14',10000,'images/8809803577106_thumb.png',1000,3),(91,'2023-05-01 10:27:00.000000','2023-05-01 10:27:00.000000','8806035107620',100,'아쿠아밴드멸균형','1',5000,'images/8806035107620_thumb.png',100,4),(92,'2023-05-01 10:27:00.000000','2023-05-01 10:27:00.000000','8806035107187',100,'큐레이드(벤잘코늄염화물반창고(1회용))','1',5000,'images/8806035107187_thumb.png',100,4),(93,'2023-05-01 10:27:00.000000','2023-05-01 10:27:00.000000','8809449340102',100,'네오밴드플러스에이','1',5000,'images/8809449340102_thumb.png',100,4),(94,'2023-05-01 10:27:00.000000','2023-05-01 10:27:00.000000','8806035111580',100,'네오덤플러스','1',5000,'images/8806035111580_thumb.png',100,4),(95,'2023-05-01 10:27:00.000000','2023-05-01 10:27:00.000000','8806035107132',100,'아쿠아밴드','1',5000,'images/8806035107132_thumb.png',100,4),(96,'2023-05-01 10:27:00.000000','2023-05-01 10:27:00.000000','8809001501026',100,'서일반창고-면','1',5000,'images/8809001501026_thumb.png',100,4),(97,'2023-05-01 10:27:00.000000','2023-05-01 10:27:00.000000','8809643547345',100,'클리어스팟패치','1',5000,'images/8809643547345_thumb.png',100,4),(98,'2023-05-01 10:27:00.000000','2023-05-01 10:27:00.000000','8806080062783',100,'쓰리엠 넥스케어 1회용 반창고','1',5000,'images/8806080062783_thumb.png',100,4),(99,'2023-05-01 10:27:00.000000','2023-05-01 10:27:00.000000','8802260004246',100,'대일밴드툰','1',5000,'images/8802260004246_thumb.png',100,4),(100,'2023-05-01 10:27:00.000000','2023-05-01 10:27:00.000000','8806080066293',100,'쓰리엠 넥스케어 블레미쉬 패치 케어','1',5000,'images/8806080066293_thumb.png',100,4),(101,'2023-05-01 10:27:00.000000','2023-05-01 10:27:00.000000','8809840460072',100,'밸리핏샤인보건용마스크(중형)(KF94)(연황색)','1',5000,'images/8809840460072_thumb.png',100,4),(102,'2023-05-01 10:27:00.000000','2023-05-01 10:27:00.000000','8809990227754',100,'잇츠케이마스크(KF-94)(대형)','1',5000,'images/8809990227754_thumb.png',100,4),(103,'2023-05-01 10:27:00.000000','2023-05-01 10:27:00.000000','8801166131056',100,'크리넥스4단마스크[KF94](대형)','1',5000,'images/8801166131056_thumb.png',100,4),(104,'2023-05-01 10:27:00.000000','2023-05-01 10:27:00.000000','8801166139342',100,'크리넥스라이트핏보건용마스크(KF94)(대형)(흰색)','1',5000,'images/8801166139342_thumb.png',100,4),(105,'2023-05-01 10:27:00.000000','2023-05-01 10:27:00.000000','8801166131629',100,'데일리입체형황사마스크[KF80](대형)(흰색)','1',5000,'images/8801166131629_thumb.png',100,4),(106,'2023-05-01 10:27:00.000000','2023-05-01 10:27:00.000000','8809233838419',100,'애니가드데일리입체형미세먼지마스크블랙[KF94](대형)','2',5000,'images/8809233838419_thumb.png',100,4),(107,'2023-05-01 10:27:00.000000','2023-05-01 10:27:00.000000','8809233835289',100,'웰빙황사마스크뉴[KF80](프리미엄소형)','2',5000,'images/8809233835289_thumb.png',100,4),(108,'2023-05-01 10:27:00.000000','2023-05-01 10:27:00.000000','8809233837689',100,'애니가드뉴황사방역용마스크[KF94](대형)','2',5000,'images/8809233837689_thumb.png',100,4),(109,'2023-05-01 10:27:00.000000','2023-05-01 10:27:00.000000','8809233838402',100,'애니가드데일리입체형미세먼지마스크[KF94](대형)','2',5000,'images/8809233838402_thumb.png',100,4),(110,'2023-05-01 10:27:00.000000','2023-05-01 10:27:00.000000','8809233832523',100,'애니가드비컬러입체형방역마스크(KF94)(대형)(연한황색)','2',5000,'images/8809233832523_thumb.png',100,4),(111,'2023-05-01 10:27:00.000000','2023-05-16 14:38:41.026309','8806103601623',98,'그린에어파스쿨 에어로솔','2',2000,'images/8806103601623_thumb.png',200,4),(112,'2023-05-01 10:27:00.000000','2023-05-16 14:34:33.565254','8809020343515',99,'멘소래담® 스프레이 쿨 (분사식 소염 진통제)','2',5400,'images/8809020343515_thumb.png',540,4),(113,'2023-05-01 10:27:00.000000','2023-05-01 10:27:00.000000','8806037006105',100,'신신에어파스-이엑스','2',2000,'images/8806037006105_thumb.png',200,4),(114,'2023-05-01 10:27:00.000000','2023-05-01 10:27:00.000000','8809020345205',100,'멘소래담 스프레이-에스 (분사식 소염 진통제)','2',2000,'images/8809020345205_thumb.png',200,4),(115,'2023-05-01 10:27:00.000000','2023-05-01 10:27:00.000000','8809020348978',100,'멘소래담 딥앤쿨 에어로솔','2',1500,'images/8809020348978_thumb.png',150,4),(116,'2023-05-01 10:27:00.000000','2023-05-01 10:27:00.000000','8809020342969',100,'멘소래담 딥앤쿨 에어로솔','2',4500,'images/8809020342969_thumb.png',450,4),(117,'2023-05-01 10:27:00.000000','2023-05-01 10:27:00.000000','8806113805981',100,'일상닥터 에어파스-쿨','2',1000,'images/8806113805981_thumb.png',100,4),(118,'2023-05-01 10:27:00.000000','2023-05-01 10:27:00.000000','8806006513597',100,'해피홈 에어파스쿨 에어로솔','2',3000,'images/8806006513597_thumb.png',300,4),(119,'2023-05-01 10:27:00.000000','2023-05-01 10:27:00.000000','8806006513580',100,'해피홈 에어파스쿨 에어로솔','2',2000,'images/8806006513580_thumb.png',200,4),(120,'2023-05-01 10:27:00.000000','2023-05-01 10:27:00.000000','8806037007003',100,'신신에어파스-F','2',1000,'images/8806037007003_thumb.png',100,4),(121,'2023-05-01 10:27:00.000000','2023-05-01 10:27:00.000000','8804224262945',100,'라인프렌즈 스프링노트','21',2000,'images/8804224262945_thumb.png',500,5),(122,'2023-05-01 10:27:00.000000','2023-05-01 10:27:00.000000','8804224262976',100,'라인프렌즈 하우투스터디노트','21',2000,'images/8804224262976_thumb.png',500,5),(123,'2023-05-01 10:27:00.000000','2023-05-01 10:27:00.000000','8804224262983',100,'스튜디오8 하우투스터디노트','21',2000,'images/8804224262983_thumb.png',500,5),(124,'2023-05-01 10:27:00.000000','2023-05-01 10:27:00.000000','8804224262716',100,'스튜디오8 B6 PP커버노트','21',2000,'images/8804224262716_thumb.png',500,5),(125,'2023-05-01 10:27:00.000000','2023-05-01 10:27:00.000000','8804224262723',100,'스튜디오8 10mm스프링노트','21',2000,'images/8804224262723_thumb.png',500,5),(126,'2023-05-01 10:27:00.000000','2023-05-01 10:27:00.000000','8804224262709',100,'스튜디오8 듀얼스프링노트','21',2000,'images/8804224262709_thumb.png',500,5),(127,'2023-05-01 10:27:00.000000','2023-05-01 10:27:00.000000','8804224261672',100,'스튜디오8 만화지 무선 노트','21',2000,'images/8804224261672_thumb.png',500,5),(128,'2023-05-01 10:27:00.000000','2023-05-01 10:27:00.000000','8809844042328',100,'먼작귀 핸디북','21',2000,'images/8809844042328_thumb.png',500,5),(129,'2023-05-01 10:27:00.000000','2023-05-01 10:27:00.000000','8809844042625',100,'먼작귀 드로잉북','21',2000,'images/8809844042625_thumb.png',500,5),(130,'2023-05-01 10:27:00.000000','2023-05-01 10:27:00.000000','8809844042618',100,'먼작귀 써머리 노트','21',2000,'images/8809844042618_thumb.png',500,5),(131,'2023-05-01 10:27:00.000000','2023-05-01 10:27:00.000000','8809605797894',100,'디럭스오픈형서류함 GR','21',2000,'images/8809605797894_thumb.png',100,5),(132,'2023-05-01 10:27:00.000000','2023-05-01 10:27:00.000000','8803035009473',100,'디럭스 오픈형 서류함','21',2000,'images/8803035009473_thumb.png',100,5),(133,'2023-05-01 10:27:00.000000','2023-05-01 10:27:00.000000','8809605791953',100,'컴팩트파일캐비넷 4단','21',2000,'images/8809605791953_thumb.png',100,5),(134,'2023-05-01 10:27:00.000000','2023-05-01 10:27:00.000000','8809605791960',100,'컴팩트파일캐비넷 4단','21',2000,'images/8809605791960_thumb.png',100,5),(135,'2023-05-01 10:27:00.000000','2023-05-01 10:27:00.000000','8803035010486',100,'NEW 맥스 서류함 7단','21',2000,'images/8803035010486_thumb.png',100,5),(136,'2023-05-01 10:27:00.000000','2023-05-01 10:27:00.000000','8803035010509',100,'NEW 맥스 서류함 10단','22',2000,'images/8803035010509_thumb.png',100,5),(137,'2023-05-01 10:27:00.000000','2023-05-01 10:27:00.000000','8803035010479',100,'NEW 맥스 서류함 5단','22',2000,'images/8803035010479_thumb.png',100,5),(138,'2023-05-01 10:27:00.000000','2023-05-01 10:27:00.000000','8803035010462',100,'NEW 맥스 서류함 5단','22',2000,'images/8803035010462_thumb.png',100,5),(139,'2023-05-01 10:27:00.000000','2023-05-01 10:27:00.000000','8803035010493',100,'NEW 맥스 서류함 7단','22',2000,'images/8803035010493_thumb.png',100,5),(140,'2023-05-01 10:27:00.000000','2023-05-01 10:27:00.000000','8803035010516',100,'NEW 맥스 서류함 10단','22',2000,'images/8803035010516_thumb.png',100,5),(141,'2023-05-01 10:27:00.000000','2023-05-01 10:27:00.000000','8809338971462',100,'재미재미 퍼즐 쏙쏙 베이비 퍼즐 과일 채소','22',10000,'images/8809338971462_thumb.png',1000,5),(142,'2023-05-01 10:27:00.000000','2023-05-01 10:27:00.000000','8809347442366',100,'매니폴드','22',10000,'images/8809347442366_thumb.png',1000,5),(143,'2023-05-01 10:27:00.000000','2023-05-01 10:27:00.000000','8809347441826',100,'펫 퍼즐 캣 스택스','22',10000,'images/8809347441826_thumb.png',1000,5),(144,'2023-05-01 10:27:00.000000','2023-05-01 10:27:00.000000','8809338971486',100,'재미재미 퍼즐 쏙쏙 베이비 퍼즐 동물','22',10000,'images/8809338971486_thumb.png',1000,5),(145,'2023-05-01 10:27:00.000000','2023-05-01 10:27:00.000000','8809347441833',100,'펫 퍼즐 도그파일','22',10000,'images/8809347441833_thumb.png',1000,5),(146,'2023-05-01 10:27:00.000000','2023-05-01 10:27:00.000000','6944588205300',100,'큐빅펀 3D 퍼즐 사그라다 파밀리아 성당','22',10000,'images/6944588205300_thumb.png',1000,5),(147,'2023-05-01 10:27:00.000000','2023-05-01 10:27:00.000000','6944588209780',100,'큐빅펀 타워 브리지 내셔널지오그래픽','22',10000,'images/6944588209780_thumb.png',1000,5),(148,'2023-05-01 10:27:00.000000','2023-05-01 10:27:00.000000','6944588240417',100,'3D 플라잉 더치맨 호','22',10000,'images/6944588240417_thumb.png',1000,5),(149,'2023-05-01 10:27:00.000000','2023-05-01 10:27:00.000000','6944588240400',100,'퀸 여왕의 복수','22',10000,'images/6944588240400_thumb.png',1000,5),(150,'2023-05-01 10:27:00.000000','2023-05-01 10:27:00.000000','8809255066272',100,'귀여운 동물 8절 퍼즐','22',10000,'images/8809255066272_thumb.png',1000,5),(151,'2023-05-01 10:27:00.000000','2023-05-01 10:27:00.000000','8809654507116',100,'쿨린 MAX 대용량보조배터리 30000mAh (전지) MS-0340','7',20000,'images/8809654507116_thumb.png',720,6),(152,'2023-05-01 10:27:00.000000','2023-05-01 10:27:00.000000','8809654507413',100,'쿨린 MAX 대용량 보조배터리 50000mAh (전지) MS-0350','7',20000,'images/8809654507413_thumb.png',1120,6),(153,'2023-05-01 10:27:00.000000','2023-05-01 10:27:00.000000','8809805735238',100,'전지(보조배터리2500) RPD-2500S','7',20000,'images/8809805735238_thumb.png',500,6),(154,'2023-05-01 10:27:00.000000','2023-05-01 10:27:00.000000','8809805735221',100,'전지(보조배터리2500) RPD-2500S','7',20000,'images/8809805735221_thumb.png',500,6),(155,'2023-05-01 10:27:00.000000','2023-05-01 10:27:00.000000','8809396517381',100,'팬톤 8PIN 미니 파워뱅크 PTPB-01','7',20000,'images/8809396517381_thumb.png',500,6),(156,'2023-05-01 10:27:00.000000','2023-05-01 10:27:00.000000','8809396517411',100,'팬톤 TYPE-C 미니 파워뱅크 PTPB-02','7',20000,'images/8809396517411_thumb.png',500,6),(157,'2023-05-01 10:27:00.000000','2023-05-01 10:27:00.000000','8809396517398',100,'팬톤 8Pin 미니 파워뱅크 PTPB-01','7',20000,'images/8809396517398_thumb.png',500,6),(158,'2023-05-01 10:27:00.000000','2023-05-01 10:27:00.000000','8809396517404',100,'팬톤 TYPE-C 미니 파워뱅크 PTPB-02','8',20000,'images/8809396517404_thumb.png',500,6),(159,'2023-05-01 10:27:00.000000','2023-05-01 10:27:00.000000','8809396517558',100,'팬톤 빌트인 케이블 보조배터리 PGB-33A','8',20000,'images/8809396517558_thumb.png',500,6),(160,'2023-05-01 10:27:00.000000','2023-05-01 10:27:00.000000','8809396517565',100,'팬톤 빌트인 케이블 보조배터리 PGB-33A','8',20000,'images/8809396517565_thumb.png',39,6),(161,'2023-05-01 10:27:00.000000','2023-05-01 10:27:00.000000','8809910455878',100,'직류전원장치(VIPFAN 2PORT 충전기_TYPE-C 동봉)','8',20000,'images/8809910455878_thumb.png',52,6),(162,'2023-05-01 10:27:00.000000','2023-05-01 10:27:00.000000','8806388920730',100,'엑스트라 MX500 PD 고속 충전기','8',20000,'images/8806388920730_thumb.png',500,6),(163,'2023-05-01 10:27:00.000000','2023-05-01 10:27:00.000000','8806388919024',100,'엑스트라 MX150 애플8핀 고속 가정용 충전기 - 12V','8',20000,'images/8806388919024_thumb.png',55,6),(164,'2023-05-01 10:27:00.000000','2023-05-01 10:27:00.000000','8806388921713',100,'엑스트라 MX520 PD PPS 초고속 듀얼 가정용 충전기','8',20000,'images/8806388921713_thumb.png',500,6),(165,'2023-05-01 10:27:00.000000','2023-05-01 10:27:00.000000','8809027281476',100,'분리형 고속충전기 세트 5핀','8',20000,'images/8809027281476_thumb.png',500,6),(166,'2023-05-01 10:27:00.000000','2023-05-01 10:27:00.000000','8809027281445',100,'분리형 고속충전기 세트 8핀(아이폰)','9',20000,'images/8809027281445_thumb.png',500,6),(167,'2023-05-01 10:27:00.000000','2023-05-01 10:27:00.000000','8806388913411',100,'엑스트라 MX150 C타입 고속 가정용 충전기 - 12V','9',20000,'images/8806388913411_thumb.png',500,6),(168,'2023-05-01 10:27:00.000000','2023-05-01 10:27:00.000000','8809406225039',100,'초고속 가정용 충전기(GaN PD 45W)','9',20000,'images/8809406225039_thumb.png',500,6),(169,'2023-05-01 10:27:00.000000','2023-05-01 10:27:00.000000','8809406225046',100,'초고속 가정용 충전기(GaN PD 65W)','9',20000,'images/8809406225046_thumb.png',500,6),(170,'2023-05-01 10:27:00.000000','2023-05-01 10:27:00.000000','8809202794470',100,'ANAM PD45W 2포트 충전기_일반','9',20000,'images/8809202794470_thumb.png',500,6),(171,'2023-05-01 10:27:00.000000','2023-05-01 10:27:00.000000','8809027281483',100,'고속 충전 케이블 5핀','9',10000,'images/8809027281483_thumb.png',100,6),(172,'2023-05-01 10:27:00.000000','2023-05-01 10:27:00.000000','8809441695576',100,'온리빙 고속 충전케이블 8핀','9',10000,'images/8809441695576_thumb.png',100,6),(173,'2023-05-01 10:27:00.000000','2023-05-01 10:27:00.000000','8806388919178',100,'엑스트라 C TO 8핀 3A 고속충전 케이블','10',10000,'images/8806388919178_thumb.png',100,6),(174,'2023-05-01 10:27:00.000000','2023-05-01 10:27:00.000000','8806388919222',100,'엑스트라 3 in 1(5핀 8핀 C타입) 케이블','10',10000,'images/8806388919222_thumb.png',100,6),(175,'2023-05-01 10:27:00.000000','2023-05-01 10:27:00.000000','8806388919161',100,'엑스트라 C to C타입 고속충전 케이블 3A','10',10000,'images/8806388919161_thumb.png',100,6),(176,'2023-05-01 10:27:00.000000','2023-05-01 10:27:00.000000','8809406225015',100,'100W C to C 초고속 충전/데이터 케이블 1.5m','10',10000,'images/8809406225015_thumb.png',100,6),(177,'2023-05-01 10:27:00.000000','2023-05-01 10:27:00.000000','8809406225022',100,'100W C to C 초고속 충전/데이터 케이블 3m','10',10000,'images/8809406225022_thumb.png',100,6),(178,'2023-05-01 10:27:00.000000','2023-05-01 10:27:00.000000','8804706303029',100,'셰어링 타입 C케이블','10',10000,'images/8804706303029_thumb.png',33,6),(179,'2023-05-01 10:27:00.000000','2023-05-01 10:27:00.000000','8804706303036',100,'위드 타입 C케이블','10',10000,'images/8804706303036_thumb.png',34,6),(180,'2023-05-01 10:27:00.000000','2023-05-01 10:27:00.000000','8809202794333',100,'ANAM 데이터케이블 2M_3WAY (USB-A)','10',10000,'images/8809202794333_thumb.png',100,6),(181,'2023-05-01 10:27:00.000000','2023-05-01 10:27:00.000000','8809873911824',100,'모도스토리지박스 중','3',10000,'images/8809873911824_thumb.png',500,7),(182,'2023-05-01 10:27:00.000000','2023-05-01 10:27:00.000000','8809873911848',100,'모도스토리지박스 특대','3',10000,'images/8809873911848_thumb.png',500,7),(183,'2023-05-01 10:27:00.000000','2023-05-01 10:27:00.000000','8809873911831',100,'모도스토리지박스 대','3',10000,'images/8809873911831_thumb.png',500,7),(184,'2023-05-01 10:27:00.000000','2023-05-01 10:27:00.000000','8809698775946',100,'씨밀렉스 모듈형 수납함 400S (아이보리)','3',10000,'images/8809698775946_thumb.png',500,7),(185,'2023-05-01 10:27:00.000000','2023-05-01 10:27:00.000000','8809698775939',100,'씨밀렉스 모듈형 수납함 400S (아이보리)','3',10000,'images/8809698775939_thumb.png',500,7),(186,'2023-05-01 10:27:00.000000','2023-05-01 10:27:00.000000','8809698775878',100,'씨밀렉스 모듈형 수납함 400S (옐로우)','3',10000,'images/8809698775878_thumb.png',500,7),(187,'2023-05-01 10:27:00.000000','2023-05-01 10:27:00.000000','8809698775861',100,'씨밀렉스 모듈형 수납함 400S (그레이)','3',10000,'images/8809698775861_thumb.png',500,7),(188,'2023-05-01 10:27:00.000000','2023-05-01 10:27:00.000000','8809698775885',100,'씨밀렉스 모듈형 수납함 400L (화이트)','3',10000,'images/8809698775885_thumb.png',500,7),(189,'2023-05-01 10:27:00.000000','2023-05-01 10:27:00.000000','8809698775908',100,'씨밀렉스 모듈형 수납함 400L (그레이)','3',10000,'images/8809698775908_thumb.png',500,7),(190,'2023-05-01 10:27:00.000000','2023-05-01 10:27:00.000000','8809698775892',100,'씨밀렉스 모듈형 수납함 400L (아이보리)','3',10000,'images/8809698775892_thumb.png',500,7),(191,'2023-05-01 10:27:00.000000','2023-05-01 10:27:00.000000','8809440591152',100,'씨가드 룸바','3',10000,'images/8809440591152_thumb.png',500,7),(192,'2023-05-01 10:27:00.000000','2023-05-01 10:27:00.000000','8803552625651',100,'룸바이홈 누빔 사각쿠션','3',10000,'images/8803552625651_thumb.png',500,7),(193,'2023-05-01 10:27:00.000000','2023-05-01 10:27:00.000000','8809441589615',100,'냉감 필로우','3',10000,'images/8809441589615_thumb.png',500,7),(194,'2023-05-01 10:27:00.000000','2023-05-01 10:27:00.000000','8809441589622',100,'냉감 필로우','3',10000,'images/8809441589622_thumb.png',500,7),(195,'2023-05-01 10:27:00.000000','2023-05-01 10:27:00.000000','8803552620663',100,'포켓슬림 메모리폼 목쿠션','3',10000,'images/8803552620663_thumb.png',500,7),(196,'2023-05-01 10:27:00.000000','2023-05-01 10:27:00.000000','8809680540910',100,'랜더스 목쿠션','4',10000,'images/8809680540910_thumb.png',500,7),(197,'2023-05-01 10:27:00.000000','2023-05-01 10:27:00.000000','8803552621875',100,'더홈 헤링본 허리쿠션','4',10000,'images/8803552621875_thumb.png',500,7),(198,'2023-05-01 10:27:00.000000','2023-05-01 10:27:00.000000','8803552623565',100,'메모리폼 홀딩쿠션','4',10000,'images/8803552623565_thumb.png',500,7),(199,'2023-05-01 10:27:00.000000','2023-05-01 10:27:00.000000','8801324215383',100,'불스원 3D 입체 목쿠션','4',10000,'images/8801324215383_thumb.png',500,7),(200,'2023-05-01 10:27:00.000000','2023-05-01 10:27:00.000000','8809696993397',100,'아보 브라더 핸드워머 모찌쿠션 (형님카도)','4',10000,'images/8809696993397_thumb.png',500,7),(201,'2023-05-01 10:27:00.000000','2023-05-01 10:27:00.000000','8804656111279',100,'환형 형광램프 FCL-4SD','4',5000,'images/8804656111279_thumb.png',500,7),(202,'2023-05-01 10:27:00.000000','2023-05-01 10:27:00.000000','8804656111194',100,'환한 형광램프 FCL30SD/28-SK','4',5000,'images/8804656111194_thumb.png',500,7),(203,'2023-05-01 10:27:00.000000','2023-05-01 10:27:00.000000','8804656111231',100,'환형 형광램프 FCL-32SD','4',5000,'images/8804656111231_thumb.png',500,7),(204,'2023-05-01 10:27:00.000000','2023-05-01 10:27:00.000000','4052899306608',100,'콤팩트 형광램프 DULUX L 24W/865','4',5000,'images/4052899306608_thumb.png',500,7),(205,'2023-05-01 10:27:00.000000','2023-05-01 10:27:00.000000','8809703860698',100,'LED등기구(고정형) LEDSEN15N-DHE(B)','4',5000,'images/8809703860698_thumb.png',500,7),(206,'2023-05-01 10:27:00.000000','2023-05-01 10:27:00.000000','8809210126751',100,'형광램프 NBFCL40D','4',5000,'images/8809210126751_thumb.png',500,7),(207,'2023-05-01 10:27:00.000000','2023-05-01 10:27:00.000000','8809530375655',100,'LED등기구(고정형) LEDMPLCT0450N-DHE(A)','4',5000,'images/8809530375655_thumb.png',500,7),(208,'2023-05-01 10:27:00.000000','2023-05-01 10:27:00.000000','8809322810852',100,'LED등기구(고정형) LEDFPLA550450N-DHE','4',5000,'images/8809322810852_thumb.png',500,7),(209,'2023-05-01 10:27:00.000000','2023-05-01 10:27:00.000000','8809210120728',100,'형광램프 LT-36W EX-D','4',5000,'images/8809210120728_thumb.png',500,7),(210,'2023-05-01 10:27:00.000000','2023-05-01 10:27:00.000000','8809210120766',100,'형광램프 LT-55W EX-D','4',5000,'images/8809210120766_thumb.png',500,7),(211,'2023-05-01 10:27:00.000000','2023-05-01 10:27:00.000000','8809698351720',100,'미용아령 2KG','5',20000,'images/8809698351720_thumb.png',2000,8),(212,'2023-05-01 10:27:00.000000','2023-05-16 14:34:33.549124','8809698351706',99,'미용아령 0.5KG','5',20000,'images/8809698351706_thumb.png',1000,8),(213,'2023-05-01 10:27:00.000000','2023-05-01 10:27:00.000000','8809698353205',100,'무게조절 아령 원터치 다이얼 18KG','5',20000,'images/8809698353205_thumb.png',20000,8),(214,'2023-05-01 10:27:00.000000','2023-05-01 10:27:00.000000','8809646579510',100,'애플 미용 아령 2kg','5',20000,'images/8809646579510_thumb.png',2000,8),(215,'2023-05-01 10:27:00.000000','2023-05-01 10:27:00.000000','8809646579527',100,'애플 미용 아령 3kg','5',20000,'images/8809646579527_thumb.png',3000,8),(216,'2023-05-01 10:27:00.000000','2023-05-01 10:27:00.000000','8809405592675',100,'바디크루 덤벨 2.0kg','5',20000,'images/8809405592675_thumb.png',2000,8),(217,'2023-05-01 10:27:00.000000','2023-05-01 10:27:00.000000','8806075859459',100,'그립감좋은덤벨_2KG','5',20000,'images/8806075859459_thumb.png',2000,8),(218,'2023-05-01 10:27:00.000000','2023-05-01 10:27:00.000000','8806075859442',100,'그립감좋은덤벨_1KG','5',20000,'images/8806075859442_thumb.png',1000,8),(219,'2023-05-01 10:27:00.000000','2023-05-01 10:27:00.000000','8804799207310',100,'고밀도패션아령1호(1kg)','5',20000,'images/8804799207310_thumb.png',1000,8),(220,'2023-05-01 10:27:00.000000','2023-05-01 10:27:00.000000','8804799207327',100,'고밀도패션아령1.5호(1.5kg)','5',20000,'images/8804799207327_thumb.png',1500,8),(221,'2023-05-01 10:27:00.000000','2023-05-01 10:27:00.000000','8809646579633',100,'슬로우패턴 안티버스트 마사지 짐볼 65cm','5',20000,'images/8809646579633_thumb.png',1000,8),(222,'2023-05-01 10:27:00.000000','2023-05-16 14:34:33.540895','8809405591487',98,'바디크루 미니 짐볼','5',20000,'images/8809405591487_thumb.png',1000,8),(223,'2023-05-01 10:27:00.000000','2023-05-01 10:27:00.000000','8809405591432',100,'바디크루 안티버스트짐볼 65cm','5',20000,'images/8809405591432_thumb.png',1000,8),(224,'2023-05-01 10:27:00.000000','2023-05-01 10:27:00.000000','8809570380312',100,'바디아트 미니 마사지 짐볼','5',20000,'images/8809570380312_thumb.png',1000,8),(225,'2023-05-01 10:27:00.000000','2023-05-01 10:27:00.000000','8809536850231',100,'빅텐 미니 마사지 짐볼','5',20000,'images/8809536850231_thumb.png',1000,8),(226,'2023-05-01 10:27:00.000000','2023-05-01 10:27:00.000000','885652008556',100,'아디다스 짐볼 65cm(그레이)','6',20000,'images/885652008556_thumb.png',1000,8),(227,'2023-05-01 10:27:00.000000','2023-05-01 10:27:00.000000','8809200016253',100,'안티버스트 짐볼 65cm','6',20000,'images/8809200016253_thumb.png',1000,8),(228,'2023-05-01 10:27:00.000000','2023-05-01 10:27:00.000000','8809200019766',100,'빅텐 땅콩 짐볼','6',20000,'images/8809200019766_thumb.png',1000,8),(229,'2023-05-01 10:27:00.000000','2023-05-01 10:27:00.000000','2000000817842',100,'(G)빅텐 다이어트짐볼(65cm)NY','6',20000,'images/2000000817842_thumb.png',1000,8),(230,'2023-05-01 10:27:00.000000','2023-05-01 10:27:00.000000','2000000582214',100,'투페이스 짐볼 터짐방지 2in1(그레이)','6',20000,'images/2000000582214_thumb.png',1000,8),(231,'2023-05-01 10:27:00.000000','2023-05-01 10:27:00.000000','8809527639050',100,'JOMA ICEBERG III 축구공','6',30000,'images/8809527639050_thumb.png',1000,8),(232,'2023-05-01 10:27:00.000000','2023-05-01 10:27:00.000000','4065425385190',100,'아디다스 알 리흘라TRN 5호','6',30000,'images/4065425385190_thumb.png',1000,8),(233,'2023-05-01 10:27:00.000000','2023-05-01 10:27:00.000000','8809856140258',100,'어몽어스 소프트축구공','6',30000,'images/8809856140258_thumb.png',1000,8),(234,'2023-05-01 10:27:00.000000','2023-05-01 10:27:00.000000','4065425750905',100,'아디다스 피날레 UCL 축구공','6',30000,'images/4065425750905_thumb.png',1000,8),(235,'2023-05-01 10:27:00.000000','2023-05-01 10:27:00.000000','4065425383622',100,'아디다스 알 리홀 미니볼 1호','6',30000,'images/4065425383622_thumb.png',1000,8),(236,'2023-05-01 10:27:00.000000','2023-05-01 10:27:00.000000','4065425374712',100,'아디다스 알 리홀라LGE 5호','6',30000,'images/4065425374712_thumb.png',1000,8),(237,'2023-05-01 10:27:00.000000','2023-05-01 10:27:00.000000','4065425383547',100,'아디다스 알 리홀라CBL 5호','6',30000,'images/4065425383547_thumb.png',1000,8),(238,'2023-05-01 10:27:00.000000','2023-05-01 10:27:00.000000','8806363048015',100,'축구공 더 폴라리스 2000','6',30000,'images/8806363048015_thumb.png',1000,8),(239,'2023-05-01 10:27:00.000000','2023-05-01 10:27:00.000000','8809646579596',100,'아디다스스타랜서클럽','6',30000,'images/8809646579596_thumb.png',1000,8),(240,'2023-05-01 10:27:00.000000','2023-05-01 10:27:00.000000','8809646579602',100,'아디다스스타랜서CLB','6',30000,'images/8809646579602_thumb.png',1000,8),(241,'2023-05-01 10:27:00.000000','2023-05-17 15:01:38.336423','8801048921706',99,'비타500에 이슬','66',1800,'images/8801048921706_thumb.png',200,1),(242,'2023-05-01 10:27:00.000000','2023-05-01 10:27:00.000000','8801047111818',100,'동원참치 135g','18',2900,'images/8801047111818_thumb.png',135,1),(243,'2023-05-01 10:27:00.000000','2023-05-01 10:27:00.000000','8801047181101',100,'리챔 200g','18',3500,'images/8801047181101_thumb.png',200,1),(244,'2023-05-01 10:27:00.000000','2023-05-01 10:27:00.000000','8801042697249',100,'미쟝센 데미지 케어 자몽로즈 에디션 샴푸','12',5000,'images/8801042697249_thumb.png',700,3),(245,'2023-05-01 10:27:00.000000','2023-05-01 10:27:00.000000','8809297826650',100,'프리미엄 칼슘 마그네슘 아연 비타민D','1',15000,'images/8809297826650_thumb.png',100,4),(246,'2023-05-01 10:27:00.000000','2023-05-01 10:27:00.000000','8801043015608',100,'짜파게티 범벅 70g','17',800,'images/8801043015608_thumb.png',70,1),(247,'2023-05-01 10:27:00.000000','2023-05-01 10:27:00.000000','8801045570082',100,'진라면 매운맛 65g','17',900,'images/8801045570082_thumb.png',65,1),(248,'2023-05-01 10:27:00.000000','2023-05-01 10:27:00.000000','8801007872025',100,'비비고 누룽지 닭백숙죽','18',2500,'images/8801007872025_thumb.png',120,1),(249,'2023-05-01 10:27:00.000000','2023-05-01 10:27:00.000000','8801007791722',100,'비비고 녹두닭죽','18',2500,'images/8801007791722_thumb.png',120,1),(250,'2023-05-01 10:27:00.000000','2023-05-01 10:27:00.000000','8806080005285',100,'스카치 브라이트 청소포 50매입','11',8500,'images/8806080005285_thumb.png',100,3),(251,'2023-05-01 10:27:00.000000','2023-05-01 10:27:00.000000','8801223005924',100,'초정탄산수 190ml','65',1200,'images/8801223005924_thumb.png',190,1),(252,'2023-05-01 10:27:00.000000','2023-05-01 10:27:00.000000','8809856140128',100,'콩순이 비눗방울 놀이','22',1000,'images/8809856140128_thumb.png',50,5),(253,'2023-05-01 10:27:00.000000','2023-05-01 10:27:00.000000','14883120006',100,'JM 루이스 박스 반팔티셔츠','22',17000,'images/14883120006_thumb.png',100,5),(254,'2023-05-01 10:27:00.000000','2023-05-01 10:27:00.000000','8809228971442',100,'IPTIME N704','7',56000,'images/8809228971442_thumb.png',100,6),(255,'2023-05-01 10:27:00.000000','2023-05-01 10:27:00.000000','8801753001113',100,'연세대학교 고칼슘 두유 200ml','64',1000,'images/8801753001113_thumb.png',200,1),(256,'2023-05-01 10:27:00.000000','2023-05-17 15:01:38.325233','8808739000054',99,'친환경 종이컵 50개입','13',500,'images/8808739000054_thumb.png',70,3),(257,'2023-05-01 10:27:00.000000','2023-05-01 10:27:00.000000','8809744190006',100,'더블에스지 프리미엄 황사방역마스크 KF94','2',1000,'images/8809744190006_thumb.png',1,4),(258,'2023-05-01 10:27:00.000000','2023-05-01 10:27:00.000000','6258145652992',100,'스마트케어 블루민트 치약','11',3000,'images/6258145652992_thumb.png',50,3),(259,'2023-05-01 10:27:00.000000','2023-05-17 15:01:38.293746','8801073142190',97,'까르보 불닭볶음면 4개입','17',4700,'images/8801073142190_thumb.png',260,1),(260,'2023-05-01 10:27:00.000000','2023-05-01 10:27:00.000000','8806109193580',100,'마데카 메디패치 1매','2',2000,'images/8806109193580_thumb.png',20,4),(261,'2023-05-01 10:27:00.000000','2023-05-01 10:27:00.000000','8809441530044',100,'LETTER PAD','21',3000,'images/8809441530044_thumb.png',120,5),(262,'2023-05-01 10:27:00.000000','2023-05-01 10:27:00.000000','0992423112465',100,'햇반 210g','15',1300,'images/992423112465_thumb.png',210,2),(263,'2023-05-01 10:27:00.000000','2023-05-01 10:27:00.000000','8142871770844',100,'도넛킬러 도넛 4개입','18',15000,'images/8142871770844_thumb.png',300,1),(264,'2023-05-01 10:27:00.000000','2023-05-01 10:27:00.000000','7767252249830',100,'탐사트리플 냉장고 탈취제','14',3000,'images/7767252249830_thumb.png',300,3),(265,'2023-05-01 10:27:00.000000','2023-05-01 10:27:00.000000','4360062907104',100,'꿀이구마 호박찹쌀약과','18',700,'images/4360062907104_thumb.png',30,1),(266,'2023-05-01 10:27:00.000000','2023-05-01 10:27:00.000000','3997791252680',100,'스포츠 미니 볼 S size','3',5000,'images/3997791252680_thumb.png',70,8),(267,'2023-05-01 10:27:00.000000','2023-05-01 10:27:00.000000','5149158423132',100,'삼보에드텍 viamvina 노트','21',2000,'images/5149158423132_thumb.png',100,5),(268,'2023-05-01 10:27:00.000000','2023-05-01 10:27:00.000000','1530313178610',100,'빨간 양말 인형','5',2000,'images/1530313178610_thumb.png',50,7),(269,'2023-05-01 10:27:00.000000','2023-05-01 10:27:00.000000','3669323225614',100,'고등어','20',7000,'images/3669323225614_thumb.png',120,2),(270,'2023-05-01 10:27:00.000000','2023-05-01 10:27:00.000000','8608554484712',100,'도리토스 나쵸치즈맛','17',1700,'images/8608554484712_thumb.png',84,1);
/*!40000 ALTER TABLE `item` ENABLE KEYS */;
UNLOCK TABLES;

--
-- Table structure for table `item_coupon`
--

DROP TABLE IF EXISTS `item_coupon`;
/*!40101 SET @saved_cs_client     = @@character_set_client */;
/*!50503 SET character_set_client = utf8mb4 */;
CREATE TABLE `item_coupon` (
  `item_coupon_idx` int NOT NULL AUTO_INCREMENT,
  `create_time` datetime(6) DEFAULT NULL,
  `update_time` datetime(6) DEFAULT NULL,
  `coupon_discount` int DEFAULT NULL,
  `coupon_expired` datetime(6) DEFAULT NULL,
  `coupon_name` varchar(255) COLLATE utf8mb4_unicode_ci DEFAULT NULL,
  PRIMARY KEY (`item_coupon_idx`)
) ENGINE=InnoDB AUTO_INCREMENT=9 DEFAULT CHARSET=utf8mb4 COLLATE=utf8mb4_unicode_ci;
/*!40101 SET character_set_client = @saved_cs_client */;

--
-- Dumping data for table `item_coupon`
--

LOCK TABLES `item_coupon` WRITE;
/*!40000 ALTER TABLE `item_coupon` DISABLE KEYS */;
INSERT INTO `item_coupon` VALUES (1,'2023-05-04 11:28:53.000000','2023-05-04 11:28:53.000000',300,'2023-05-16 11:28:53.000000','쿠폰'),(2,'2023-05-04 11:28:53.000000','2023-05-04 11:28:53.000000',500,'2023-05-16 11:28:53.000000','쿠폰'),(3,'2023-05-04 11:28:53.000000','2023-05-04 11:28:53.000000',500,'2023-05-16 11:28:53.000000','쿠폰'),(4,'2023-05-04 11:28:53.000000','2023-05-04 11:28:53.000000',700,'2023-05-16 11:28:53.000000','쿠폰'),(5,'2023-05-04 11:28:53.000000','2023-05-04 11:28:53.000000',300,'2023-05-16 11:28:53.000000','쿠폰'),(6,'2023-05-04 11:28:53.000000','2023-05-04 11:28:53.000000',100,'2023-05-16 11:28:53.000000','쿠폰'),(7,'2023-05-04 11:28:53.000000','2023-05-04 11:28:53.000000',200,'2023-05-16 11:28:53.000000','쿠폰'),(8,'2023-05-04 11:28:53.000000','2023-05-04 11:28:53.000000',700,'2023-05-16 11:28:53.000000','쿠폰');
/*!40000 ALTER TABLE `item_coupon` ENABLE KEYS */;
UNLOCK TABLES;

--
-- Table structure for table `item_detail`
--

DROP TABLE IF EXISTS `item_detail`;
/*!40101 SET @saved_cs_client     = @@character_set_client */;
/*!50503 SET character_set_client = utf8mb4 */;
CREATE TABLE `item_detail` (
  `item_detail_idx` int NOT NULL AUTO_INCREMENT,
  `create_time` datetime(6) DEFAULT NULL,
  `update_time` datetime(6) DEFAULT NULL,
  `content` varchar(255) COLLATE utf8mb4_unicode_ci DEFAULT NULL,
  `item_idx` int DEFAULT NULL,
  PRIMARY KEY (`item_detail_idx`),
  KEY `FK2xg88iix80yjb3727svwuhoi4` (`item_idx`),
  CONSTRAINT `FK2xg88iix80yjb3727svwuhoi4` FOREIGN KEY (`item_idx`) REFERENCES `item` (`item_idx`) ON DELETE CASCADE
) ENGINE=InnoDB AUTO_INCREMENT=271 DEFAULT CHARSET=utf8mb4 COLLATE=utf8mb4_unicode_ci;
/*!40101 SET character_set_client = @saved_cs_client */;

--
-- Dumping data for table `item_detail`
--

LOCK TABLES `item_detail` WRITE;
/*!40000 ALTER TABLE `item_detail` DISABLE KEYS */;
INSERT INTO `item_detail` VALUES (1,'2023-05-01 10:27:00.000000','2023-05-01 10:27:00.000000','images/8801045055961_content.jpg',1),(2,'2023-05-01 10:27:00.000000','2023-05-01 10:27:00.000000','images/8801045857121_content.jpg',2),(3,'2023-05-01 10:27:00.000000','2023-05-01 10:27:00.000000','images/8801045627823_content.jpg',3),(4,'2023-05-01 10:27:00.000000','2023-05-01 10:27:00.000000','images/8801073144200_content.jpg',4),(5,'2023-05-01 10:27:00.000000','2023-05-01 10:27:00.000000','images/8801043067430_content.jpg',5),(6,'2023-05-01 10:27:00.000000','2023-05-01 10:27:00.000000','images/8801045407616_content.jpg',6),(7,'2023-05-01 10:27:00.000000','2023-05-01 10:27:00.000000','images/8801114161845_content.jpg',7),(8,'2023-05-01 10:27:00.000000','2023-05-01 10:27:00.000000','images/8801073114609_content.jpg',8),(9,'2023-05-01 10:27:00.000000','2023-05-01 10:27:00.000000','images/8801073101524_content.jpg',9),(10,'2023-05-01 10:27:00.000000','2023-05-01 10:27:00.000000','images/8801073106222_content.jpg',10),(11,'2023-05-01 10:27:00.000000','2023-05-01 10:27:00.000000','images/8809300461809_content.jpg',11),(12,'2023-05-01 10:27:00.000000','2023-05-01 10:27:00.000000','images/8801019611698_content.jpg',12),(13,'2023-05-01 10:27:00.000000','2023-05-01 10:27:00.000000','images/8801019611643_content.jpg',13),(14,'2023-05-01 10:27:00.000000','2023-05-01 10:27:00.000000','images/8801062861811_content.jpg',14),(15,'2023-05-01 10:27:00.000000','2023-05-01 10:27:00.000000','images/8801062861804_content.jpg',15),(16,'2023-05-01 10:27:00.000000','2023-05-01 10:27:00.000000','images/8804294025563_content.jpg',16),(17,'2023-05-01 10:27:00.000000','2023-05-01 10:27:00.000000','images/8801019317316_content.jpg',17),(18,'2023-05-01 10:27:00.000000','2023-05-01 10:27:00.000000','images/8809189925010_content.jpg',18),(19,'2023-05-01 10:27:00.000000','2023-05-01 10:27:00.000000','images/8809189925027_content.jpg',19),(20,'2023-05-01 10:27:00.000000','2023-05-01 10:27:00.000000','images/8809288634837_content.jpg',20),(21,'2023-05-01 10:27:00.000000','2023-05-01 10:27:00.000000','images/5903111586058_content.jpg',21),(22,'2023-05-01 10:27:00.000000','2023-05-01 10:27:00.000000','images/8801115136576_content.jpg',22),(23,'2023-05-01 10:27:00.000000','2023-05-01 10:27:00.000000','images/8801155742423_content.jpg',23),(24,'2023-05-01 10:27:00.000000','2023-05-01 10:27:00.000000','images/8801155742430_content.jpg',24),(25,'2023-05-01 10:27:00.000000','2023-05-01 10:27:00.000000','images/8801121039458_content.jpg',25),(26,'2023-05-01 10:27:00.000000','2023-05-01 10:27:00.000000','images/8801115115649_content.jpg',26),(27,'2023-05-01 10:27:00.000000','2023-05-01 10:27:00.000000','images/8801115115632_content.jpg',27),(28,'2023-05-01 10:27:00.000000','2023-05-01 10:27:00.000000','images/8801115115588_content.jpg',28),(29,'2023-05-01 10:27:00.000000','2023-05-01 10:27:00.000000','images/8801526133034_content.jpg',29),(30,'2023-05-01 10:27:00.000000','2023-05-01 10:27:00.000000','images/5900512987323_content.jpg',30),(31,'2023-05-01 10:27:00.000000','2023-05-01 10:27:00.000000','images/8809267390204_content.jpg',31),(32,'2023-05-01 10:27:00.000000','2023-05-01 10:27:00.000000','images/8801024953141_content.jpg',32),(33,'2023-05-01 10:27:00.000000','2023-05-01 10:27:00.000000','images/8801024951727_content.jpg',33),(34,'2023-05-01 10:27:00.000000','2023-05-01 10:27:00.000000','images/8801024953134_content.jpg',34),(35,'2023-05-01 10:27:00.000000','2023-05-01 10:27:00.000000','images/8801024951734_content.jpg',35),(36,'2023-05-01 10:27:00.000000','2023-05-01 10:27:00.000000','images/8801024955428_content.jpg',36),(37,'2023-05-01 10:27:00.000000','2023-05-01 10:27:00.000000','images/8801392029851_content.jpg',37),(38,'2023-05-01 10:27:00.000000','2023-05-01 10:27:00.000000','images/8801052100470_content.jpg',38),(39,'2023-05-01 10:27:00.000000','2023-05-01 10:27:00.000000','images/8801052095301_content.jpg',39),(40,'2023-05-01 10:27:00.000000','2023-05-01 10:27:00.000000','images/8801052100463_content.jpg',40),(41,'2023-05-01 10:27:00.000000','2023-05-01 10:27:00.000000','images/8809045903312_content.jpg',41),(42,'2023-05-01 10:27:00.000000','2023-05-01 10:27:00.000000','images/8809007360207_content.jpg',42),(43,'2023-05-01 10:27:00.000000','2023-05-01 10:27:00.000000','images/8809007360108_content.jpg',43),(44,'2023-05-01 10:27:00.000000','2023-05-01 10:27:00.000000','images/8809007360078_content.jpg',44),(45,'2023-05-01 10:27:00.000000','2023-05-01 10:27:00.000000','images/8809007360054_content.jpg',45),(46,'2023-05-01 10:27:00.000000','2023-05-01 10:27:00.000000','images/8809182332211_content.jpg',46),(47,'2023-05-01 10:27:00.000000','2023-05-01 10:27:00.000000','images/8809182332228_content.jpg',47),(48,'2023-05-01 10:27:00.000000','2023-05-01 10:27:00.000000','images/8809182332259_content.jpg',48),(49,'2023-05-01 10:27:00.000000','2023-05-01 10:27:00.000000','images/8809182332242_content.jpg',49),(50,'2023-05-01 10:27:00.000000','2023-05-01 10:27:00.000000','images/8809436363329_content.jpg',50),(51,'2023-05-01 10:27:00.000000','2023-05-01 10:27:00.000000','images/8809004934036_content.jpg',51),(52,'2023-05-01 10:27:00.000000','2023-05-01 10:27:00.000000','images/8809031554061_content.jpg',52),(53,'2023-05-01 10:27:00.000000','2023-05-01 10:27:00.000000','images/8802020335610_content.jpg',53),(54,'2023-05-01 10:27:00.000000','2023-05-01 10:27:00.000000','images/8801392031090_content.jpg',54),(55,'2023-05-01 10:27:00.000000','2023-05-01 10:27:00.000000','images/8801024945863_content.jpg',55),(56,'2023-05-01 10:27:00.000000','2023-05-01 10:27:00.000000','images/8801392026270_content.jpg',56),(57,'2023-05-01 10:27:00.000000','2023-05-01 10:27:00.000000','images/8801052058832_content.jpg',57),(58,'2023-05-01 10:27:00.000000','2023-05-01 10:27:00.000000','images/8801052058818_content.jpg',58),(59,'2023-05-01 10:27:00.000000','2023-05-01 10:27:00.000000','images/8801392021992_content.jpg',59),(60,'2023-05-01 10:27:00.000000','2023-05-01 10:27:00.000000','images/8809657380112_content.jpg',60),(61,'2023-05-01 10:27:00.000000','2023-05-01 10:27:00.000000','images/8803733341387_content.jpg',61),(62,'2023-05-01 10:27:00.000000','2023-05-01 10:27:00.000000','images/8803733341356_content.jpg',62),(63,'2023-05-01 10:27:00.000000','2023-05-01 10:27:00.000000','images/8803733341370_content.jpg',63),(64,'2023-05-01 10:27:00.000000','2023-05-01 10:27:00.000000','images/8803733341363_content.jpg',64),(65,'2023-05-01 10:27:00.000000','2023-05-01 10:27:00.000000','images/8803733341394_content.jpg',65),(66,'2023-05-01 10:27:00.000000','2023-05-01 10:27:00.000000','images/8809651982602_content.jpg',66),(67,'2023-05-01 10:27:00.000000','2023-05-01 10:27:00.000000','images/8809651982619_content.jpg',67),(68,'2023-05-01 10:27:00.000000','2023-05-01 10:27:00.000000','images/8807246009802_content.jpg',68),(69,'2023-05-01 10:27:00.000000','2023-05-01 10:27:00.000000','images/8807246005071_content.jpg',69),(70,'2023-05-01 10:27:00.000000','2023-05-01 10:27:00.000000','images/8803733061162_content.jpg',70),(71,'2023-05-01 10:27:00.000000','2023-05-01 10:27:00.000000','images/8801051225419_content.jpg',71),(72,'2023-05-01 10:27:00.000000','2023-05-01 10:27:00.000000','images/8801051229462_content.jpg',72),(73,'2023-05-01 10:27:00.000000','2023-05-01 10:27:00.000000','images/8809809428426_content.jpg',73),(74,'2023-05-01 10:27:00.000000','2023-05-01 10:27:00.000000','images/8809711716918_content.jpg',74),(75,'2023-05-01 10:27:00.000000','2023-05-01 10:27:00.000000','images/8809711716901_content.jpg',75),(76,'2023-05-01 10:27:00.000000','2023-05-01 10:27:00.000000','images/8809568746809_content.jpg',76),(77,'2023-05-01 10:27:00.000000','2023-05-01 10:27:00.000000','images/8801051141337_content.jpg',77),(78,'2023-05-01 10:27:00.000000','2023-05-01 10:27:00.000000','images/8801051223590_content.jpg',78),(79,'2023-05-01 10:27:00.000000','2023-05-01 10:27:00.000000','images/8801051077698_content.jpg',79),(80,'2023-05-01 10:27:00.000000','2023-05-01 10:27:00.000000','images/8809925113145_content.jpg',80),(81,'2023-05-01 10:27:00.000000','2023-05-01 10:27:00.000000','images/8801046385746_content.jpg',81),(82,'2023-05-01 10:27:00.000000','2023-05-01 10:27:00.000000','images/8801046385784_content.jpg',82),(83,'2023-05-01 10:27:00.000000','2023-05-01 10:27:00.000000','images/8809803541497_content.jpg',83),(84,'2023-05-01 10:27:00.000000','2023-05-01 10:27:00.000000','images/8809803586474_content.jpg',84),(85,'2023-05-01 10:27:00.000000','2023-05-01 10:27:00.000000','images/8809568749831_content.jpg',85),(86,'2023-05-01 10:27:00.000000','2023-05-01 10:27:00.000000','images/8809665593788_content.jpg',86),(87,'2023-05-01 10:27:00.000000','2023-05-01 10:27:00.000000','images/8801046371114_content.jpg',87),(88,'2023-05-01 10:27:00.000000','2023-05-01 10:27:00.000000','images/8801046371121_content.jpg',88),(89,'2023-05-01 10:27:00.000000','2023-05-01 10:27:00.000000','images/8801046371138_content.jpg',89),(90,'2023-05-01 10:27:00.000000','2023-05-01 10:27:00.000000','images/8809803577106_content.jpg',90),(91,'2023-05-01 10:27:00.000000','2023-05-01 10:27:00.000000','images/8806035107620_content.jpg',91),(92,'2023-05-01 10:27:00.000000','2023-05-01 10:27:00.000000','images/8806035107187_content.jpg',92),(93,'2023-05-01 10:27:00.000000','2023-05-01 10:27:00.000000','images/8809449340102_content.jpg',93),(94,'2023-05-01 10:27:00.000000','2023-05-01 10:27:00.000000','images/8806035111580_content.jpg',94),(95,'2023-05-01 10:27:00.000000','2023-05-01 10:27:00.000000','images/8806035107132_content.jpg',95),(96,'2023-05-01 10:27:00.000000','2023-05-01 10:27:00.000000','images/8809001501026_content.jpg',96),(97,'2023-05-01 10:27:00.000000','2023-05-01 10:27:00.000000','images/8809643547345_content.jpg',97),(98,'2023-05-01 10:27:00.000000','2023-05-01 10:27:00.000000','images/8806080062783_content.jpg',98),(99,'2023-05-01 10:27:00.000000','2023-05-01 10:27:00.000000','images/8802260004246_content.jpg',99),(100,'2023-05-01 10:27:00.000000','2023-05-01 10:27:00.000000','images/8806080066293_content.jpg',100),(101,'2023-05-01 10:27:00.000000','2023-05-01 10:27:00.000000','images/8809840460072_content.jpg',101),(102,'2023-05-01 10:27:00.000000','2023-05-01 10:27:00.000000','images/8809990227754_content.jpg',102),(103,'2023-05-01 10:27:00.000000','2023-05-01 10:27:00.000000','images/8801166131056_content.jpg',103),(104,'2023-05-01 10:27:00.000000','2023-05-01 10:27:00.000000','images/8801166139342_content.jpg',104),(105,'2023-05-01 10:27:00.000000','2023-05-01 10:27:00.000000','images/8801166131629_content.jpg',105),(106,'2023-05-01 10:27:00.000000','2023-05-01 10:27:00.000000','images/8809233838419_content.jpg',106),(107,'2023-05-01 10:27:00.000000','2023-05-01 10:27:00.000000','images/8809233835289_content.jpg',107),(108,'2023-05-01 10:27:00.000000','2023-05-01 10:27:00.000000','images/8809233837689_content.jpg',108),(109,'2023-05-01 10:27:00.000000','2023-05-01 10:27:00.000000','images/8809233838402_content.jpg',109),(110,'2023-05-01 10:27:00.000000','2023-05-01 10:27:00.000000','images/8809233832523_content.jpg',110),(111,'2023-05-01 10:27:00.000000','2023-05-01 10:27:00.000000','images/8806103601623_content.jpg',111),(112,'2023-05-01 10:27:00.000000','2023-05-01 10:27:00.000000','images/8809020343515_content.jpg',112),(113,'2023-05-01 10:27:00.000000','2023-05-01 10:27:00.000000','images/8806037006105_content.jpg',113),(114,'2023-05-01 10:27:00.000000','2023-05-01 10:27:00.000000','images/8809020345205_content.jpg',114),(115,'2023-05-01 10:27:00.000000','2023-05-01 10:27:00.000000','images/8809020348978_content.jpg',115),(116,'2023-05-01 10:27:00.000000','2023-05-01 10:27:00.000000','images/8809020342969_content.jpg',116),(117,'2023-05-01 10:27:00.000000','2023-05-01 10:27:00.000000','images/8806113805981_content.jpg',117),(118,'2023-05-01 10:27:00.000000','2023-05-01 10:27:00.000000','images/8806006513597_content.jpg',118),(119,'2023-05-01 10:27:00.000000','2023-05-01 10:27:00.000000','images/8806006513580_content.jpg',119),(120,'2023-05-01 10:27:00.000000','2023-05-01 10:27:00.000000','images/8806037007003_content.jpg',120),(121,'2023-05-01 10:27:00.000000','2023-05-01 10:27:00.000000','images/8804224262945_content.jpg',121),(122,'2023-05-01 10:27:00.000000','2023-05-01 10:27:00.000000','images/8804224262976_content.jpg',122),(123,'2023-05-01 10:27:00.000000','2023-05-01 10:27:00.000000','images/8804224262983_content.jpg',123),(124,'2023-05-01 10:27:00.000000','2023-05-01 10:27:00.000000','images/8804224262716_content.jpg',124),(125,'2023-05-01 10:27:00.000000','2023-05-01 10:27:00.000000','images/8804224262723_content.jpg',125),(126,'2023-05-01 10:27:00.000000','2023-05-01 10:27:00.000000','images/8804224262709_content.jpg',126),(127,'2023-05-01 10:27:00.000000','2023-05-01 10:27:00.000000','images/8804224261672_content.jpg',127),(128,'2023-05-01 10:27:00.000000','2023-05-01 10:27:00.000000','images/8809844042328_content.jpg',128),(129,'2023-05-01 10:27:00.000000','2023-05-01 10:27:00.000000','images/8809844042625_content.jpg',129),(130,'2023-05-01 10:27:00.000000','2023-05-01 10:27:00.000000','images/8809844042618_content.jpg',130),(131,'2023-05-01 10:27:00.000000','2023-05-01 10:27:00.000000','images/8809605797894_content.jpg',131),(132,'2023-05-01 10:27:00.000000','2023-05-01 10:27:00.000000','images/8803035009473_content.jpg',132),(133,'2023-05-01 10:27:00.000000','2023-05-01 10:27:00.000000','images/8809605791953_content.jpg',133),(134,'2023-05-01 10:27:00.000000','2023-05-01 10:27:00.000000','images/8809605791960_content.jpg',134),(135,'2023-05-01 10:27:00.000000','2023-05-01 10:27:00.000000','images/8803035010486_content.jpg',135),(136,'2023-05-01 10:27:00.000000','2023-05-01 10:27:00.000000','images/8803035010509_content.jpg',136),(137,'2023-05-01 10:27:00.000000','2023-05-01 10:27:00.000000','images/8803035010479_content.jpg',137),(138,'2023-05-01 10:27:00.000000','2023-05-01 10:27:00.000000','images/8803035010462_content.jpg',138),(139,'2023-05-01 10:27:00.000000','2023-05-01 10:27:00.000000','images/8803035010493_content.jpg',139),(140,'2023-05-01 10:27:00.000000','2023-05-01 10:27:00.000000','images/8803035010516_content.jpg',140),(141,'2023-05-01 10:27:00.000000','2023-05-01 10:27:00.000000','images/8809338971462_content.jpg',141),(142,'2023-05-01 10:27:00.000000','2023-05-01 10:27:00.000000','images/8809347442366_content.jpg',142),(143,'2023-05-01 10:27:00.000000','2023-05-01 10:27:00.000000','images/8809347441826_content.jpg',143),(144,'2023-05-01 10:27:00.000000','2023-05-01 10:27:00.000000','images/8809338971486_content.jpg',144),(145,'2023-05-01 10:27:00.000000','2023-05-01 10:27:00.000000','images/8809347441833_content.jpg',145),(146,'2023-05-01 10:27:00.000000','2023-05-01 10:27:00.000000','images/6944588205300_content.jpg',146),(147,'2023-05-01 10:27:00.000000','2023-05-01 10:27:00.000000','images/6944588209780_content.jpg',147),(148,'2023-05-01 10:27:00.000000','2023-05-01 10:27:00.000000','images/6944588240417_content.jpg',148),(149,'2023-05-01 10:27:00.000000','2023-05-01 10:27:00.000000','images/6944588240400_content.jpg',149),(150,'2023-05-01 10:27:00.000000','2023-05-01 10:27:00.000000','images/8809255066272_content.jpg',150),(151,'2023-05-01 10:27:00.000000','2023-05-01 10:27:00.000000','images/8809654507116_content.jpg',151),(152,'2023-05-01 10:27:00.000000','2023-05-01 10:27:00.000000','images/8809654507413_content.jpg',152),(153,'2023-05-01 10:27:00.000000','2023-05-01 10:27:00.000000','images/8809805735238_content.jpg',153),(154,'2023-05-01 10:27:00.000000','2023-05-01 10:27:00.000000','images/8809805735221_content.jpg',154),(155,'2023-05-01 10:27:00.000000','2023-05-01 10:27:00.000000','images/8809396517381_content.jpg',155),(156,'2023-05-01 10:27:00.000000','2023-05-01 10:27:00.000000','images/8809396517411_content.jpg',156),(157,'2023-05-01 10:27:00.000000','2023-05-01 10:27:00.000000','images/8809396517398_content.jpg',157),(158,'2023-05-01 10:27:00.000000','2023-05-01 10:27:00.000000','images/8809396517404_content.jpg',158),(159,'2023-05-01 10:27:00.000000','2023-05-01 10:27:00.000000','images/8809396517558_content.jpg',159),(160,'2023-05-01 10:27:00.000000','2023-05-01 10:27:00.000000','images/8809396517565_content.jpg',160),(161,'2023-05-01 10:27:00.000000','2023-05-01 10:27:00.000000','images/8809910455878_content.jpg',161),(162,'2023-05-01 10:27:00.000000','2023-05-01 10:27:00.000000','images/8806388920730_content.jpg',162),(163,'2023-05-01 10:27:00.000000','2023-05-01 10:27:00.000000','images/8806388919024_content.jpg',163),(164,'2023-05-01 10:27:00.000000','2023-05-01 10:27:00.000000','images/8806388921713_content.jpg',164),(165,'2023-05-01 10:27:00.000000','2023-05-01 10:27:00.000000','images/8809027281476_content.jpg',165),(166,'2023-05-01 10:27:00.000000','2023-05-01 10:27:00.000000','images/8809027281445_content.jpg',166),(167,'2023-05-01 10:27:00.000000','2023-05-01 10:27:00.000000','images/8806388913411_content.jpg',167),(168,'2023-05-01 10:27:00.000000','2023-05-01 10:27:00.000000','images/8809406225039_content.jpg',168),(169,'2023-05-01 10:27:00.000000','2023-05-01 10:27:00.000000','images/8809406225046_content.jpg',169),(170,'2023-05-01 10:27:00.000000','2023-05-01 10:27:00.000000','images/8809202794470_content.jpg',170),(171,'2023-05-01 10:27:00.000000','2023-05-01 10:27:00.000000','images/8809027281483_content.jpg',171),(172,'2023-05-01 10:27:00.000000','2023-05-01 10:27:00.000000','images/8809441695576_content.jpg',172),(173,'2023-05-01 10:27:00.000000','2023-05-01 10:27:00.000000','images/8806388919178_content.jpg',173),(174,'2023-05-01 10:27:00.000000','2023-05-01 10:27:00.000000','images/8806388919222_content.jpg',174),(175,'2023-05-01 10:27:00.000000','2023-05-01 10:27:00.000000','images/8806388919161_content.jpg',175),(176,'2023-05-01 10:27:00.000000','2023-05-01 10:27:00.000000','images/8809406225015_content.jpg',176),(177,'2023-05-01 10:27:00.000000','2023-05-01 10:27:00.000000','images/8809406225022_content.jpg',177),(178,'2023-05-01 10:27:00.000000','2023-05-01 10:27:00.000000','images/8804706303029_content.jpg',178),(179,'2023-05-01 10:27:00.000000','2023-05-01 10:27:00.000000','images/8804706303036_content.jpg',179),(180,'2023-05-01 10:27:00.000000','2023-05-01 10:27:00.000000','images/8809202794333_content.jpg',180),(181,'2023-05-01 10:27:00.000000','2023-05-01 10:27:00.000000','images/8809873911824_content.jpg',181),(182,'2023-05-01 10:27:00.000000','2023-05-01 10:27:00.000000','images/8809873911848_content.jpg',182),(183,'2023-05-01 10:27:00.000000','2023-05-01 10:27:00.000000','images/8809873911831_content.jpg',183),(184,'2023-05-01 10:27:00.000000','2023-05-01 10:27:00.000000','images/8809698775946_content.jpg',184),(185,'2023-05-01 10:27:00.000000','2023-05-01 10:27:00.000000','images/8809698775939_content.jpg',185),(186,'2023-05-01 10:27:00.000000','2023-05-01 10:27:00.000000','images/8809698775878_content.jpg',186),(187,'2023-05-01 10:27:00.000000','2023-05-01 10:27:00.000000','images/8809698775861_content.jpg',187),(188,'2023-05-01 10:27:00.000000','2023-05-01 10:27:00.000000','images/8809698775885_content.jpg',188),(189,'2023-05-01 10:27:00.000000','2023-05-01 10:27:00.000000','images/8809698775908_content.jpg',189),(190,'2023-05-01 10:27:00.000000','2023-05-01 10:27:00.000000','images/8809698775892_content.jpg',190),(191,'2023-05-01 10:27:00.000000','2023-05-01 10:27:00.000000','images/8809440591152_content.jpg',191),(192,'2023-05-01 10:27:00.000000','2023-05-01 10:27:00.000000','images/8803552625651_content.jpg',192),(193,'2023-05-01 10:27:00.000000','2023-05-01 10:27:00.000000','images/8809441589615_content.jpg',193),(194,'2023-05-01 10:27:00.000000','2023-05-01 10:27:00.000000','images/8809441589622_content.jpg',194),(195,'2023-05-01 10:27:00.000000','2023-05-01 10:27:00.000000','images/8803552620663_content.jpg',195),(196,'2023-05-01 10:27:00.000000','2023-05-01 10:27:00.000000','images/8809680540910_content.jpg',196),(197,'2023-05-01 10:27:00.000000','2023-05-01 10:27:00.000000','images/8803552621875_content.jpg',197),(198,'2023-05-01 10:27:00.000000','2023-05-01 10:27:00.000000','images/8803552623565_content.jpg',198),(199,'2023-05-01 10:27:00.000000','2023-05-01 10:27:00.000000','images/8801324215383_content.jpg',199),(200,'2023-05-01 10:27:00.000000','2023-05-01 10:27:00.000000','images/8809696993397_content.jpg',200),(201,'2023-05-01 10:27:00.000000','2023-05-01 10:27:00.000000','images/8804656111279_content.jpg',201),(202,'2023-05-01 10:27:00.000000','2023-05-01 10:27:00.000000','images/8804656111194_content.jpg',202),(203,'2023-05-01 10:27:00.000000','2023-05-01 10:27:00.000000','images/8804656111231_content.jpg',203),(204,'2023-05-01 10:27:00.000000','2023-05-01 10:27:00.000000','images/4052899306608_content.jpg',204),(205,'2023-05-01 10:27:00.000000','2023-05-01 10:27:00.000000','images/8809703860698_content.jpg',205),(206,'2023-05-01 10:27:00.000000','2023-05-01 10:27:00.000000','images/8809210126751_content.jpg',206),(207,'2023-05-01 10:27:00.000000','2023-05-01 10:27:00.000000','images/8809530375655_content.jpg',207),(208,'2023-05-01 10:27:00.000000','2023-05-01 10:27:00.000000','images/8809322810852_content.jpg',208),(209,'2023-05-01 10:27:00.000000','2023-05-01 10:27:00.000000','images/8809210120728_content.jpg',209),(210,'2023-05-01 10:27:00.000000','2023-05-01 10:27:00.000000','images/8809210120766_content.jpg',210),(211,'2023-05-01 10:27:00.000000','2023-05-01 10:27:00.000000','images/8809698351720_content.jpg',211),(212,'2023-05-01 10:27:00.000000','2023-05-01 10:27:00.000000','images/8809698351706_content.jpg',212),(213,'2023-05-01 10:27:00.000000','2023-05-01 10:27:00.000000','images/8809698353205_content.jpg',213),(214,'2023-05-01 10:27:00.000000','2023-05-01 10:27:00.000000','images/8809646579510_content.jpg',214),(215,'2023-05-01 10:27:00.000000','2023-05-01 10:27:00.000000','images/8809646579527_content.jpg',215),(216,'2023-05-01 10:27:00.000000','2023-05-01 10:27:00.000000','images/8809405592675_content.jpg',216),(217,'2023-05-01 10:27:00.000000','2023-05-01 10:27:00.000000','images/8806075859459_content.jpg',217),(218,'2023-05-01 10:27:00.000000','2023-05-01 10:27:00.000000','images/8806075859442_content.jpg',218),(219,'2023-05-01 10:27:00.000000','2023-05-01 10:27:00.000000','images/8804799207310_content.jpg',219),(220,'2023-05-01 10:27:00.000000','2023-05-01 10:27:00.000000','images/8804799207327_content.jpg',220),(221,'2023-05-01 10:27:00.000000','2023-05-01 10:27:00.000000','images/8809646579633_content.jpg',221),(222,'2023-05-01 10:27:00.000000','2023-05-01 10:27:00.000000','images/8809405591487_content.jpg',222),(223,'2023-05-01 10:27:00.000000','2023-05-01 10:27:00.000000','images/8809405591432_content.jpg',223),(224,'2023-05-01 10:27:00.000000','2023-05-01 10:27:00.000000','images/8809570380312_content.jpg',224),(225,'2023-05-01 10:27:00.000000','2023-05-01 10:27:00.000000','images/8809536850231_content.jpg',225),(226,'2023-05-01 10:27:00.000000','2023-05-01 10:27:00.000000','images/885652008556_content.jpg',226),(227,'2023-05-01 10:27:00.000000','2023-05-01 10:27:00.000000','images/8809200016253_content.jpg',227),(228,'2023-05-01 10:27:00.000000','2023-05-01 10:27:00.000000','images/8809200019766_content.jpg',228),(229,'2023-05-01 10:27:00.000000','2023-05-01 10:27:00.000000','images/2000000817842_content.jpg',229),(230,'2023-05-01 10:27:00.000000','2023-05-01 10:27:00.000000','images/2000000582214_content.jpg',230),(231,'2023-05-01 10:27:00.000000','2023-05-01 10:27:00.000000','images/8809527639050_content.jpg',231),(232,'2023-05-01 10:27:00.000000','2023-05-01 10:27:00.000000','images/4065425385190_content.jpg',232),(233,'2023-05-01 10:27:00.000000','2023-05-01 10:27:00.000000','images/8809856140258_content.jpg',233),(234,'2023-05-01 10:27:00.000000','2023-05-01 10:27:00.000000','images/4065425750905_content.jpg',234),(235,'2023-05-01 10:27:00.000000','2023-05-01 10:27:00.000000','images/4065425383622_content.jpg',235),(236,'2023-05-01 10:27:00.000000','2023-05-01 10:27:00.000000','images/4065425374712_content.jpg',236),(237,'2023-05-01 10:27:00.000000','2023-05-01 10:27:00.000000','images/4065425383547_content.jpg',237),(238,'2023-05-01 10:27:00.000000','2023-05-01 10:27:00.000000','images/8806363048015_content.jpg',238),(239,'2023-05-01 10:27:00.000000','2023-05-01 10:27:00.000000','images/8809646579596_content.jpg',239),(240,'2023-05-01 10:27:00.000000','2023-05-01 10:27:00.000000','images/8809646579602_content.jpg',240),(241,'2023-05-01 10:27:00.000000','2023-05-01 10:27:00.000000','images/8801048921706_content.jpg',241),(242,'2023-05-01 10:27:00.000000','2023-05-01 10:27:00.000000','images/8801047111818_content.jpg',242),(243,'2023-05-01 10:27:00.000000','2023-05-01 10:27:00.000000','images/8801047181101_content.jpg',243),(244,'2023-05-01 10:27:00.000000','2023-05-01 10:27:00.000000','images/8801042697249_content.jpg',244),(245,'2023-05-01 10:27:00.000000','2023-05-01 10:27:00.000000','images/8809297826650_content.jpg',245),(246,'2023-05-01 10:27:00.000000','2023-05-01 10:27:00.000000','images/8801043015608_content.jpg',246),(247,'2023-05-01 10:27:00.000000','2023-05-01 10:27:00.000000','images/8801045570082_content.jpg',247),(248,'2023-05-01 10:27:00.000000','2023-05-01 10:27:00.000000','images/8801007872025_content.jpg',248),(249,'2023-05-01 10:27:00.000000','2023-05-01 10:27:00.000000','images/8801007791722_content.jpg',249),(250,'2023-05-01 10:27:00.000000','2023-05-01 10:27:00.000000','images/8806080005285_content.jpg',250),(251,'2023-05-01 10:27:00.000000','2023-05-01 10:27:00.000000','images/8801223005924_content.jpg',251),(252,'2023-05-01 10:27:00.000000','2023-05-01 10:27:00.000000','images/8809856140128_content.jpg',252),(253,'2023-05-01 10:27:00.000000','2023-05-01 10:27:00.000000','images/14883120006_content.jpg',253),(254,'2023-05-01 10:27:00.000000','2023-05-01 10:27:00.000000','images/8809228971442_content.jpg',254),(255,'2023-05-01 10:27:00.000000','2023-05-01 10:27:00.000000','images/8801753001113_content.jpg',255),(256,'2023-05-01 10:27:00.000000','2023-05-01 10:27:00.000000','images/8808739000054_content.jpg',256),(257,'2023-05-01 10:27:00.000000','2023-05-01 10:27:00.000000','images/8809744190006_content.jpg',257),(258,'2023-05-01 10:27:00.000000','2023-05-01 10:27:00.000000','images/6258145652992_content.jpg',258),(259,'2023-05-01 10:27:00.000000','2023-05-01 10:27:00.000000','images/8801073142190_content.jpg',259),(260,'2023-05-01 10:27:00.000000','2023-05-01 10:27:00.000000','images/8806109193580_content.jpg',260),(261,'2023-05-01 10:27:00.000000','2023-05-01 10:27:00.000000','images/8809441530044_content.jpg',261),(262,'2023-05-01 10:27:00.000000','2023-05-01 10:27:00.000000','images/992423112465_content.jpg',262),(263,'2023-05-01 10:27:00.000000','2023-05-01 10:27:00.000000','images/8142871770844_content.jpg',263),(264,'2023-05-01 10:27:00.000000','2023-05-01 10:27:00.000000','images/7767252249830_content.jpg',264),(265,'2023-05-01 10:27:00.000000','2023-05-01 10:27:00.000000','images/4360062907104_content.jpg',265),(266,'2023-05-01 10:27:00.000000','2023-05-01 10:27:00.000000','images/3997791252680_content.jpg',266),(267,'2023-05-01 10:27:00.000000','2023-05-01 10:27:00.000000','images/5149158423132_content.jpg',267),(268,'2023-05-01 10:27:00.000000','2023-05-01 10:27:00.000000','images/1530313178610_content.jpg',268),(269,'2023-05-01 10:27:00.000000','2023-05-01 10:27:00.000000','images/3669323225614_content.jpg',269),(270,'2023-05-01 10:27:00.000000','2023-05-01 10:27:00.000000','images/8608554484712_content.jpg',270);
/*!40000 ALTER TABLE `item_detail` ENABLE KEYS */;
UNLOCK TABLES;

--
-- Table structure for table `item_detail_image`
--

DROP TABLE IF EXISTS `item_detail_image`;
/*!40101 SET @saved_cs_client     = @@character_set_client */;
/*!50503 SET character_set_client = utf8mb4 */;
CREATE TABLE `item_detail_image` (
  `item_detail_image_idx` int NOT NULL AUTO_INCREMENT,
  `create_time` datetime(6) DEFAULT NULL,
  `update_time` datetime(6) DEFAULT NULL,
  `image` varchar(255) COLLATE utf8mb4_unicode_ci DEFAULT NULL,
  `item_idx` int DEFAULT NULL,
  `item_detail_idx` int DEFAULT NULL,
  PRIMARY KEY (`item_detail_image_idx`),
  KEY `FK4ebfk5urs1moaxxm81c9qlcik` (`item_idx`),
  KEY `FKenfijk2n4eeslayl7oe608jiv` (`item_detail_idx`),
  CONSTRAINT `FK4ebfk5urs1moaxxm81c9qlcik` FOREIGN KEY (`item_idx`) REFERENCES `item` (`item_idx`) ON DELETE CASCADE,
  CONSTRAINT `FKenfijk2n4eeslayl7oe608jiv` FOREIGN KEY (`item_detail_idx`) REFERENCES `item_detail` (`item_detail_idx`) ON DELETE CASCADE
) ENGINE=InnoDB AUTO_INCREMENT=271 DEFAULT CHARSET=utf8mb4 COLLATE=utf8mb4_unicode_ci;
/*!40101 SET character_set_client = @saved_cs_client */;

--
-- Dumping data for table `item_detail_image`
--

LOCK TABLES `item_detail_image` WRITE;
/*!40000 ALTER TABLE `item_detail_image` DISABLE KEYS */;
INSERT INTO `item_detail_image` VALUES (1,'2023-05-01 10:27:00.000000','2023-05-01 10:27:00.000000','images/8801045055961.png',1,1),(2,'2023-05-01 10:27:00.000000','2023-05-01 10:27:00.000000','images/8801045857121.png',2,2),(3,'2023-05-01 10:27:00.000000','2023-05-01 10:27:00.000000','images/8801045627823.png',3,3),(4,'2023-05-01 10:27:00.000000','2023-05-01 10:27:00.000000','images/8801073144200.png',4,4),(5,'2023-05-01 10:27:00.000000','2023-05-01 10:27:00.000000','images/8801043067430.png',5,5),(6,'2023-05-01 10:27:00.000000','2023-05-01 10:27:00.000000','images/8801045407616.png',6,6),(7,'2023-05-01 10:27:00.000000','2023-05-01 10:27:00.000000','images/8801114161845.png',7,7),(8,'2023-05-01 10:27:00.000000','2023-05-01 10:27:00.000000','images/8801073114609.png',8,8),(9,'2023-05-01 10:27:00.000000','2023-05-01 10:27:00.000000','images/8801073101524.png',9,9),(10,'2023-05-01 10:27:00.000000','2023-05-01 10:27:00.000000','images/8801073106222.png',10,10),(11,'2023-05-01 10:27:00.000000','2023-05-01 10:27:00.000000','images/8809300461809.png',11,11),(12,'2023-05-01 10:27:00.000000','2023-05-01 10:27:00.000000','images/8801019611698.png',12,12),(13,'2023-05-01 10:27:00.000000','2023-05-01 10:27:00.000000','images/8801019611643.png',13,13),(14,'2023-05-01 10:27:00.000000','2023-05-01 10:27:00.000000','images/8801062861811.png',14,14),(15,'2023-05-01 10:27:00.000000','2023-05-01 10:27:00.000000','images/8801062861804.png',15,15),(16,'2023-05-01 10:27:00.000000','2023-05-01 10:27:00.000000','images/8804294025563.png',16,16),(17,'2023-05-01 10:27:00.000000','2023-05-01 10:27:00.000000','images/8801019317316.png',17,17),(18,'2023-05-01 10:27:00.000000','2023-05-01 10:27:00.000000','images/8809189925010.png',18,18),(19,'2023-05-01 10:27:00.000000','2023-05-01 10:27:00.000000','images/8809189925027.png',19,19),(20,'2023-05-01 10:27:00.000000','2023-05-01 10:27:00.000000','images/8809288634837.png',20,20),(21,'2023-05-01 10:27:00.000000','2023-05-01 10:27:00.000000','images/5903111586058.png',21,21),(22,'2023-05-01 10:27:00.000000','2023-05-01 10:27:00.000000','images/8801115136576.png',22,22),(23,'2023-05-01 10:27:00.000000','2023-05-01 10:27:00.000000','images/8801155742423.png',23,23),(24,'2023-05-01 10:27:00.000000','2023-05-01 10:27:00.000000','images/8801155742430.png',24,24),(25,'2023-05-01 10:27:00.000000','2023-05-01 10:27:00.000000','images/8801121039458.png',25,25),(26,'2023-05-01 10:27:00.000000','2023-05-01 10:27:00.000000','images/8801115115649.png',26,26),(27,'2023-05-01 10:27:00.000000','2023-05-01 10:27:00.000000','images/8801115115632.png',27,27),(28,'2023-05-01 10:27:00.000000','2023-05-01 10:27:00.000000','images/8801115115588.png',28,28),(29,'2023-05-01 10:27:00.000000','2023-05-01 10:27:00.000000','images/8801526133034.png',29,29),(30,'2023-05-01 10:27:00.000000','2023-05-01 10:27:00.000000','images/5900512987323.png',30,30),(31,'2023-05-01 10:27:00.000000','2023-05-01 10:27:00.000000','images/8809267390204.png',31,31),(32,'2023-05-01 10:27:00.000000','2023-05-01 10:27:00.000000','images/8801024953141.png',32,32),(33,'2023-05-01 10:27:00.000000','2023-05-01 10:27:00.000000','images/8801024951727.png',33,33),(34,'2023-05-01 10:27:00.000000','2023-05-01 10:27:00.000000','images/8801024953134.png',34,34),(35,'2023-05-01 10:27:00.000000','2023-05-01 10:27:00.000000','images/8801024951734.png',35,35),(36,'2023-05-01 10:27:00.000000','2023-05-01 10:27:00.000000','images/8801024955428.png',36,36),(37,'2023-05-01 10:27:00.000000','2023-05-01 10:27:00.000000','images/8801392029851.png',37,37),(38,'2023-05-01 10:27:00.000000','2023-05-01 10:27:00.000000','images/8801052100470.png',38,38),(39,'2023-05-01 10:27:00.000000','2023-05-01 10:27:00.000000','images/8801052095301.png',39,39),(40,'2023-05-01 10:27:00.000000','2023-05-01 10:27:00.000000','images/8801052100463.png',40,40),(41,'2023-05-01 10:27:00.000000','2023-05-01 10:27:00.000000','images/8809045903312.png',41,41),(42,'2023-05-01 10:27:00.000000','2023-05-01 10:27:00.000000','images/8809007360207.png',42,42),(43,'2023-05-01 10:27:00.000000','2023-05-01 10:27:00.000000','images/8809007360108.png',43,43),(44,'2023-05-01 10:27:00.000000','2023-05-01 10:27:00.000000','images/8809007360078.png',44,44),(45,'2023-05-01 10:27:00.000000','2023-05-01 10:27:00.000000','images/8809007360054.png',45,45),(46,'2023-05-01 10:27:00.000000','2023-05-01 10:27:00.000000','images/8809182332211.png',46,46),(47,'2023-05-01 10:27:00.000000','2023-05-01 10:27:00.000000','images/8809182332228.png',47,47),(48,'2023-05-01 10:27:00.000000','2023-05-01 10:27:00.000000','images/8809182332259.png',48,48),(49,'2023-05-01 10:27:00.000000','2023-05-01 10:27:00.000000','images/8809182332242.png',49,49),(50,'2023-05-01 10:27:00.000000','2023-05-01 10:27:00.000000','images/8809436363329.png',50,50),(51,'2023-05-01 10:27:00.000000','2023-05-01 10:27:00.000000','images/8809004934036.png',51,51),(52,'2023-05-01 10:27:00.000000','2023-05-01 10:27:00.000000','images/8809031554061.png',52,52),(53,'2023-05-01 10:27:00.000000','2023-05-01 10:27:00.000000','images/8802020335610.png',53,53),(54,'2023-05-01 10:27:00.000000','2023-05-01 10:27:00.000000','images/8801392031090.png',54,54),(55,'2023-05-01 10:27:00.000000','2023-05-01 10:27:00.000000','images/8801024945863.png',55,55),(56,'2023-05-01 10:27:00.000000','2023-05-01 10:27:00.000000','images/8801392026270.png',56,56),(57,'2023-05-01 10:27:00.000000','2023-05-01 10:27:00.000000','images/8801052058832.png',57,57),(58,'2023-05-01 10:27:00.000000','2023-05-01 10:27:00.000000','images/8801052058818.png',58,58),(59,'2023-05-01 10:27:00.000000','2023-05-01 10:27:00.000000','images/8801392021992.png',59,59),(60,'2023-05-01 10:27:00.000000','2023-05-01 10:27:00.000000','images/8809657380112.png',60,60),(61,'2023-05-01 10:27:00.000000','2023-05-01 10:27:00.000000','images/8803733341387.png',61,61),(62,'2023-05-01 10:27:00.000000','2023-05-01 10:27:00.000000','images/8803733341356.png',62,62),(63,'2023-05-01 10:27:00.000000','2023-05-01 10:27:00.000000','images/8803733341370.png',63,63),(64,'2023-05-01 10:27:00.000000','2023-05-01 10:27:00.000000','images/8803733341363.png',64,64),(65,'2023-05-01 10:27:00.000000','2023-05-01 10:27:00.000000','images/8803733341394.png',65,65),(66,'2023-05-01 10:27:00.000000','2023-05-01 10:27:00.000000','images/8809651982602.png',66,66),(67,'2023-05-01 10:27:00.000000','2023-05-01 10:27:00.000000','images/8809651982619.png',67,67),(68,'2023-05-01 10:27:00.000000','2023-05-01 10:27:00.000000','images/8807246009802.png',68,68),(69,'2023-05-01 10:27:00.000000','2023-05-01 10:27:00.000000','images/8807246005071.png',69,69),(70,'2023-05-01 10:27:00.000000','2023-05-01 10:27:00.000000','images/8803733061162.png',70,70),(71,'2023-05-01 10:27:00.000000','2023-05-01 10:27:00.000000','images/8801051225419.png',71,71),(72,'2023-05-01 10:27:00.000000','2023-05-01 10:27:00.000000','images/8801051229462.png',72,72),(73,'2023-05-01 10:27:00.000000','2023-05-01 10:27:00.000000','images/8809809428426.png',73,73),(74,'2023-05-01 10:27:00.000000','2023-05-01 10:27:00.000000','images/8809711716918.png',74,74),(75,'2023-05-01 10:27:00.000000','2023-05-01 10:27:00.000000','images/8809711716901.png',75,75),(76,'2023-05-01 10:27:00.000000','2023-05-01 10:27:00.000000','images/8809568746809.png',76,76),(77,'2023-05-01 10:27:00.000000','2023-05-01 10:27:00.000000','images/8801051141337.png',77,77),(78,'2023-05-01 10:27:00.000000','2023-05-01 10:27:00.000000','images/8801051223590.png',78,78),(79,'2023-05-01 10:27:00.000000','2023-05-01 10:27:00.000000','images/8801051077698.png',79,79),(80,'2023-05-01 10:27:00.000000','2023-05-01 10:27:00.000000','images/8809925113145.png',80,80),(81,'2023-05-01 10:27:00.000000','2023-05-01 10:27:00.000000','images/8801046385746.png',81,81),(82,'2023-05-01 10:27:00.000000','2023-05-01 10:27:00.000000','images/8801046385784.png',82,82),(83,'2023-05-01 10:27:00.000000','2023-05-01 10:27:00.000000','images/8809803541497.png',83,83),(84,'2023-05-01 10:27:00.000000','2023-05-01 10:27:00.000000','images/8809803586474.png',84,84),(85,'2023-05-01 10:27:00.000000','2023-05-01 10:27:00.000000','images/8809568749831.png',85,85),(86,'2023-05-01 10:27:00.000000','2023-05-01 10:27:00.000000','images/8809665593788.png',86,86),(87,'2023-05-01 10:27:00.000000','2023-05-01 10:27:00.000000','images/8801046371114.png',87,87),(88,'2023-05-01 10:27:00.000000','2023-05-01 10:27:00.000000','images/8801046371121.png',88,88),(89,'2023-05-01 10:27:00.000000','2023-05-01 10:27:00.000000','images/8801046371138.png',89,89),(90,'2023-05-01 10:27:00.000000','2023-05-01 10:27:00.000000','images/8809803577106.png',90,90),(91,'2023-05-01 10:27:00.000000','2023-05-01 10:27:00.000000','images/8806035107620.png',91,91),(92,'2023-05-01 10:27:00.000000','2023-05-01 10:27:00.000000','images/8806035107187.png',92,92),(93,'2023-05-01 10:27:00.000000','2023-05-01 10:27:00.000000','images/8809449340102.png',93,93),(94,'2023-05-01 10:27:00.000000','2023-05-01 10:27:00.000000','images/8806035111580.png',94,94),(95,'2023-05-01 10:27:00.000000','2023-05-01 10:27:00.000000','images/8806035107132.png',95,95),(96,'2023-05-01 10:27:00.000000','2023-05-01 10:27:00.000000','images/8809001501026.png',96,96),(97,'2023-05-01 10:27:00.000000','2023-05-01 10:27:00.000000','images/8809643547345.png',97,97),(98,'2023-05-01 10:27:00.000000','2023-05-01 10:27:00.000000','images/8806080062783.png',98,98),(99,'2023-05-01 10:27:00.000000','2023-05-01 10:27:00.000000','images/8802260004246.png',99,99),(100,'2023-05-01 10:27:00.000000','2023-05-01 10:27:00.000000','images/8806080066293.png',100,100),(101,'2023-05-01 10:27:00.000000','2023-05-01 10:27:00.000000','images/8809840460072.png',101,101),(102,'2023-05-01 10:27:00.000000','2023-05-01 10:27:00.000000','images/8809990227754.png',102,102),(103,'2023-05-01 10:27:00.000000','2023-05-01 10:27:00.000000','images/8801166131056.png',103,103),(104,'2023-05-01 10:27:00.000000','2023-05-01 10:27:00.000000','images/8801166139342.png',104,104),(105,'2023-05-01 10:27:00.000000','2023-05-01 10:27:00.000000','images/8801166131629.png',105,105),(106,'2023-05-01 10:27:00.000000','2023-05-01 10:27:00.000000','images/8809233838419.png',106,106),(107,'2023-05-01 10:27:00.000000','2023-05-01 10:27:00.000000','images/8809233835289.png',107,107),(108,'2023-05-01 10:27:00.000000','2023-05-01 10:27:00.000000','images/8809233837689.png',108,108),(109,'2023-05-01 10:27:00.000000','2023-05-01 10:27:00.000000','images/8809233838402.png',109,109),(110,'2023-05-01 10:27:00.000000','2023-05-01 10:27:00.000000','images/8809233832523.png',110,110),(111,'2023-05-01 10:27:00.000000','2023-05-01 10:27:00.000000','images/8806103601623.png',111,111),(112,'2023-05-01 10:27:00.000000','2023-05-01 10:27:00.000000','images/8809020343515.png',112,112),(113,'2023-05-01 10:27:00.000000','2023-05-01 10:27:00.000000','images/8806037006105.png',113,113),(114,'2023-05-01 10:27:00.000000','2023-05-01 10:27:00.000000','images/8809020345205.png',114,114),(115,'2023-05-01 10:27:00.000000','2023-05-01 10:27:00.000000','images/8809020348978.png',115,115),(116,'2023-05-01 10:27:00.000000','2023-05-01 10:27:00.000000','images/8809020342969.png',116,116),(117,'2023-05-01 10:27:00.000000','2023-05-01 10:27:00.000000','images/8806113805981.png',117,117),(118,'2023-05-01 10:27:00.000000','2023-05-01 10:27:00.000000','images/8806006513597.png',118,118),(119,'2023-05-01 10:27:00.000000','2023-05-01 10:27:00.000000','images/8806006513580.png',119,119),(120,'2023-05-01 10:27:00.000000','2023-05-01 10:27:00.000000','images/8806037007003.png',120,120),(121,'2023-05-01 10:27:00.000000','2023-05-01 10:27:00.000000','images/8804224262945.png',121,121),(122,'2023-05-01 10:27:00.000000','2023-05-01 10:27:00.000000','images/8804224262976.png',122,122),(123,'2023-05-01 10:27:00.000000','2023-05-01 10:27:00.000000','images/8804224262983.png',123,123),(124,'2023-05-01 10:27:00.000000','2023-05-01 10:27:00.000000','images/8804224262716.png',124,124),(125,'2023-05-01 10:27:00.000000','2023-05-01 10:27:00.000000','images/8804224262723.png',125,125),(126,'2023-05-01 10:27:00.000000','2023-05-01 10:27:00.000000','images/8804224262709.png',126,126),(127,'2023-05-01 10:27:00.000000','2023-05-01 10:27:00.000000','images/8804224261672.png',127,127),(128,'2023-05-01 10:27:00.000000','2023-05-01 10:27:00.000000','images/8809844042328.png',128,128),(129,'2023-05-01 10:27:00.000000','2023-05-01 10:27:00.000000','images/8809844042625.png',129,129),(130,'2023-05-01 10:27:00.000000','2023-05-01 10:27:00.000000','images/8809844042618.png',130,130),(131,'2023-05-01 10:27:00.000000','2023-05-01 10:27:00.000000','images/8809605797894.png',131,131),(132,'2023-05-01 10:27:00.000000','2023-05-01 10:27:00.000000','images/8803035009473.png',132,132),(133,'2023-05-01 10:27:00.000000','2023-05-01 10:27:00.000000','images/8809605791953.png',133,133),(134,'2023-05-01 10:27:00.000000','2023-05-01 10:27:00.000000','images/8809605791960.png',134,134),(135,'2023-05-01 10:27:00.000000','2023-05-01 10:27:00.000000','images/8803035010486.png',135,135),(136,'2023-05-01 10:27:00.000000','2023-05-01 10:27:00.000000','images/8803035010509.png',136,136),(137,'2023-05-01 10:27:00.000000','2023-05-01 10:27:00.000000','images/8803035010479.png',137,137),(138,'2023-05-01 10:27:00.000000','2023-05-01 10:27:00.000000','images/8803035010462.png',138,138),(139,'2023-05-01 10:27:00.000000','2023-05-01 10:27:00.000000','images/8803035010493.png',139,139),(140,'2023-05-01 10:27:00.000000','2023-05-01 10:27:00.000000','images/8803035010516.png',140,140),(141,'2023-05-01 10:27:00.000000','2023-05-01 10:27:00.000000','images/8809338971462.png',141,141),(142,'2023-05-01 10:27:00.000000','2023-05-01 10:27:00.000000','images/8809347442366.png',142,142),(143,'2023-05-01 10:27:00.000000','2023-05-01 10:27:00.000000','images/8809347441826.png',143,143),(144,'2023-05-01 10:27:00.000000','2023-05-01 10:27:00.000000','images/8809338971486.png',144,144),(145,'2023-05-01 10:27:00.000000','2023-05-01 10:27:00.000000','images/8809347441833.png',145,145),(146,'2023-05-01 10:27:00.000000','2023-05-01 10:27:00.000000','images/6944588205300.png',146,146),(147,'2023-05-01 10:27:00.000000','2023-05-01 10:27:00.000000','images/6944588209780.png',147,147),(148,'2023-05-01 10:27:00.000000','2023-05-01 10:27:00.000000','images/6944588240417.png',148,148),(149,'2023-05-01 10:27:00.000000','2023-05-01 10:27:00.000000','images/6944588240400.png',149,149),(150,'2023-05-01 10:27:00.000000','2023-05-01 10:27:00.000000','images/8809255066272.png',150,150),(151,'2023-05-01 10:27:00.000000','2023-05-01 10:27:00.000000','images/8809654507116.png',151,151),(152,'2023-05-01 10:27:00.000000','2023-05-01 10:27:00.000000','images/8809654507413.png',152,152),(153,'2023-05-01 10:27:00.000000','2023-05-01 10:27:00.000000','images/8809805735238.png',153,153),(154,'2023-05-01 10:27:00.000000','2023-05-01 10:27:00.000000','images/8809805735221.png',154,154),(155,'2023-05-01 10:27:00.000000','2023-05-01 10:27:00.000000','images/8809396517381.png',155,155),(156,'2023-05-01 10:27:00.000000','2023-05-01 10:27:00.000000','images/8809396517411.png',156,156),(157,'2023-05-01 10:27:00.000000','2023-05-01 10:27:00.000000','images/8809396517398.png',157,157),(158,'2023-05-01 10:27:00.000000','2023-05-01 10:27:00.000000','images/8809396517404.png',158,158),(159,'2023-05-01 10:27:00.000000','2023-05-01 10:27:00.000000','images/8809396517558.png',159,159),(160,'2023-05-01 10:27:00.000000','2023-05-01 10:27:00.000000','images/8809396517565.png',160,160),(161,'2023-05-01 10:27:00.000000','2023-05-01 10:27:00.000000','images/8809910455878.png',161,161),(162,'2023-05-01 10:27:00.000000','2023-05-01 10:27:00.000000','images/8806388920730.png',162,162),(163,'2023-05-01 10:27:00.000000','2023-05-01 10:27:00.000000','images/8806388919024.png',163,163),(164,'2023-05-01 10:27:00.000000','2023-05-01 10:27:00.000000','images/8806388921713.png',164,164),(165,'2023-05-01 10:27:00.000000','2023-05-01 10:27:00.000000','images/8809027281476.png',165,165),(166,'2023-05-01 10:27:00.000000','2023-05-01 10:27:00.000000','images/8809027281445.png',166,166),(167,'2023-05-01 10:27:00.000000','2023-05-01 10:27:00.000000','images/8806388913411.png',167,167),(168,'2023-05-01 10:27:00.000000','2023-05-01 10:27:00.000000','images/8809406225039.png',168,168),(169,'2023-05-01 10:27:00.000000','2023-05-01 10:27:00.000000','images/8809406225046.png',169,169),(170,'2023-05-01 10:27:00.000000','2023-05-01 10:27:00.000000','images/8809202794470.png',170,170),(171,'2023-05-01 10:27:00.000000','2023-05-01 10:27:00.000000','images/8809027281483.png',171,171),(172,'2023-05-01 10:27:00.000000','2023-05-01 10:27:00.000000','images/8809441695576.png',172,172),(173,'2023-05-01 10:27:00.000000','2023-05-01 10:27:00.000000','images/8806388919178.png',173,173),(174,'2023-05-01 10:27:00.000000','2023-05-01 10:27:00.000000','images/8806388919222.png',174,174),(175,'2023-05-01 10:27:00.000000','2023-05-01 10:27:00.000000','images/8806388919161.png',175,175),(176,'2023-05-01 10:27:00.000000','2023-05-01 10:27:00.000000','images/8809406225015.png',176,176),(177,'2023-05-01 10:27:00.000000','2023-05-01 10:27:00.000000','images/8809406225022.png',177,177),(178,'2023-05-01 10:27:00.000000','2023-05-01 10:27:00.000000','images/8804706303029.png',178,178),(179,'2023-05-01 10:27:00.000000','2023-05-01 10:27:00.000000','images/8804706303036.png',179,179),(180,'2023-05-01 10:27:00.000000','2023-05-01 10:27:00.000000','images/8809202794333.png',180,180),(181,'2023-05-01 10:27:00.000000','2023-05-01 10:27:00.000000','images/8809873911824.png',181,181),(182,'2023-05-01 10:27:00.000000','2023-05-01 10:27:00.000000','images/8809873911848.png',182,182),(183,'2023-05-01 10:27:00.000000','2023-05-01 10:27:00.000000','images/8809873911831.png',183,183),(184,'2023-05-01 10:27:00.000000','2023-05-01 10:27:00.000000','images/8809698775946.png',184,184),(185,'2023-05-01 10:27:00.000000','2023-05-01 10:27:00.000000','images/8809698775939.png',185,185),(186,'2023-05-01 10:27:00.000000','2023-05-01 10:27:00.000000','images/8809698775878.png',186,186),(187,'2023-05-01 10:27:00.000000','2023-05-01 10:27:00.000000','images/8809698775861.png',187,187),(188,'2023-05-01 10:27:00.000000','2023-05-01 10:27:00.000000','images/8809698775885.png',188,188),(189,'2023-05-01 10:27:00.000000','2023-05-01 10:27:00.000000','images/8809698775908.png',189,189),(190,'2023-05-01 10:27:00.000000','2023-05-01 10:27:00.000000','images/8809698775892.png',190,190),(191,'2023-05-01 10:27:00.000000','2023-05-01 10:27:00.000000','images/8809440591152.png',191,191),(192,'2023-05-01 10:27:00.000000','2023-05-01 10:27:00.000000','images/8803552625651.png',192,192),(193,'2023-05-01 10:27:00.000000','2023-05-01 10:27:00.000000','images/8809441589615.png',193,193),(194,'2023-05-01 10:27:00.000000','2023-05-01 10:27:00.000000','images/8809441589622.png',194,194),(195,'2023-05-01 10:27:00.000000','2023-05-01 10:27:00.000000','images/8803552620663.png',195,195),(196,'2023-05-01 10:27:00.000000','2023-05-01 10:27:00.000000','images/8809680540910.png',196,196),(197,'2023-05-01 10:27:00.000000','2023-05-01 10:27:00.000000','images/8803552621875.png',197,197),(198,'2023-05-01 10:27:00.000000','2023-05-01 10:27:00.000000','images/8803552623565.png',198,198),(199,'2023-05-01 10:27:00.000000','2023-05-01 10:27:00.000000','images/8801324215383.png',199,199),(200,'2023-05-01 10:27:00.000000','2023-05-01 10:27:00.000000','images/8809696993397.png',200,200),(201,'2023-05-01 10:27:00.000000','2023-05-01 10:27:00.000000','images/8804656111279.png',201,201),(202,'2023-05-01 10:27:00.000000','2023-05-01 10:27:00.000000','images/8804656111194.png',202,202),(203,'2023-05-01 10:27:00.000000','2023-05-01 10:27:00.000000','images/8804656111231.png',203,203),(204,'2023-05-01 10:27:00.000000','2023-05-01 10:27:00.000000','images/4052899306608.png',204,204),(205,'2023-05-01 10:27:00.000000','2023-05-01 10:27:00.000000','images/8809703860698.png',205,205),(206,'2023-05-01 10:27:00.000000','2023-05-01 10:27:00.000000','images/8809210126751.png',206,206),(207,'2023-05-01 10:27:00.000000','2023-05-01 10:27:00.000000','images/8809530375655.png',207,207),(208,'2023-05-01 10:27:00.000000','2023-05-01 10:27:00.000000','images/8809322810852.png',208,208),(209,'2023-05-01 10:27:00.000000','2023-05-01 10:27:00.000000','images/8809210120728.png',209,209),(210,'2023-05-01 10:27:00.000000','2023-05-01 10:27:00.000000','images/8809210120766.png',210,210),(211,'2023-05-01 10:27:00.000000','2023-05-01 10:27:00.000000','images/8809698351720.png',211,211),(212,'2023-05-01 10:27:00.000000','2023-05-01 10:27:00.000000','images/8809698351706.png',212,212),(213,'2023-05-01 10:27:00.000000','2023-05-01 10:27:00.000000','images/8809698353205.png',213,213),(214,'2023-05-01 10:27:00.000000','2023-05-01 10:27:00.000000','images/8809646579510.png',214,214),(215,'2023-05-01 10:27:00.000000','2023-05-01 10:27:00.000000','images/8809646579527.png',215,215),(216,'2023-05-01 10:27:00.000000','2023-05-01 10:27:00.000000','images/8809405592675.png',216,216),(217,'2023-05-01 10:27:00.000000','2023-05-01 10:27:00.000000','images/8806075859459.png',217,217),(218,'2023-05-01 10:27:00.000000','2023-05-01 10:27:00.000000','images/8806075859442.png',218,218),(219,'2023-05-01 10:27:00.000000','2023-05-01 10:27:00.000000','images/8804799207310.png',219,219),(220,'2023-05-01 10:27:00.000000','2023-05-01 10:27:00.000000','images/8804799207327.png',220,220),(221,'2023-05-01 10:27:00.000000','2023-05-01 10:27:00.000000','images/8809646579633.png',221,221),(222,'2023-05-01 10:27:00.000000','2023-05-01 10:27:00.000000','images/8809405591487.png',222,222),(223,'2023-05-01 10:27:00.000000','2023-05-01 10:27:00.000000','images/8809405591432.png',223,223),(224,'2023-05-01 10:27:00.000000','2023-05-01 10:27:00.000000','images/8809570380312.png',224,224),(225,'2023-05-01 10:27:00.000000','2023-05-01 10:27:00.000000','images/8809536850231.png',225,225),(226,'2023-05-01 10:27:00.000000','2023-05-01 10:27:00.000000','images/885652008556.png',226,226),(227,'2023-05-01 10:27:00.000000','2023-05-01 10:27:00.000000','images/8809200016253.png',227,227),(228,'2023-05-01 10:27:00.000000','2023-05-01 10:27:00.000000','images/8809200019766.png',228,228),(229,'2023-05-01 10:27:00.000000','2023-05-01 10:27:00.000000','images/2000000817842.png',229,229),(230,'2023-05-01 10:27:00.000000','2023-05-01 10:27:00.000000','images/2000000582214.png',230,230),(231,'2023-05-01 10:27:00.000000','2023-05-01 10:27:00.000000','images/8809527639050.png',231,231),(232,'2023-05-01 10:27:00.000000','2023-05-01 10:27:00.000000','images/4065425385190.png',232,232),(233,'2023-05-01 10:27:00.000000','2023-05-01 10:27:00.000000','images/8809856140258.png',233,233),(234,'2023-05-01 10:27:00.000000','2023-05-01 10:27:00.000000','images/4065425750905.png',234,234),(235,'2023-05-01 10:27:00.000000','2023-05-01 10:27:00.000000','images/4065425383622.png',235,235),(236,'2023-05-01 10:27:00.000000','2023-05-01 10:27:00.000000','images/4065425374712.png',236,236),(237,'2023-05-01 10:27:00.000000','2023-05-01 10:27:00.000000','images/4065425383547.png',237,237),(238,'2023-05-01 10:27:00.000000','2023-05-01 10:27:00.000000','images/8806363048015.png',238,238),(239,'2023-05-01 10:27:00.000000','2023-05-01 10:27:00.000000','images/8809646579596.png',239,239),(240,'2023-05-01 10:27:00.000000','2023-05-01 10:27:00.000000','images/8809646579602.png',240,240),(241,'2023-05-01 10:27:00.000000','2023-05-01 10:27:00.000000','images/8801048921706.png',241,241),(242,'2023-05-01 10:27:00.000000','2023-05-01 10:27:00.000000','images/8801047111818.png',242,242),(243,'2023-05-01 10:27:00.000000','2023-05-01 10:27:00.000000','images/8801047181101.png',243,243),(244,'2023-05-01 10:27:00.000000','2023-05-01 10:27:00.000000','images/8801042697249.png',244,244),(245,'2023-05-01 10:27:00.000000','2023-05-01 10:27:00.000000','images/8809297826650.png',245,245),(246,'2023-05-01 10:27:00.000000','2023-05-01 10:27:00.000000','images/8801043015608.png',246,246),(247,'2023-05-01 10:27:00.000000','2023-05-01 10:27:00.000000','images/8801045570082.png',247,247),(248,'2023-05-01 10:27:00.000000','2023-05-01 10:27:00.000000','images/8801007872025.png',248,248),(249,'2023-05-01 10:27:00.000000','2023-05-01 10:27:00.000000','images/8801007791722.png',249,249),(250,'2023-05-01 10:27:00.000000','2023-05-01 10:27:00.000000','images/8806080005285.png',250,250),(251,'2023-05-01 10:27:00.000000','2023-05-01 10:27:00.000000','images/8801223005924.png',251,251),(252,'2023-05-01 10:27:00.000000','2023-05-01 10:27:00.000000','images/8809856140128.png',252,252),(253,'2023-05-01 10:27:00.000000','2023-05-01 10:27:00.000000','images/14883120006.png',253,253),(254,'2023-05-01 10:27:00.000000','2023-05-01 10:27:00.000000','images/8809228971442.png',254,254),(255,'2023-05-01 10:27:00.000000','2023-05-01 10:27:00.000000','images/8801753001113.png',255,255),(256,'2023-05-01 10:27:00.000000','2023-05-01 10:27:00.000000','images/8808739000054.png',256,256),(257,'2023-05-01 10:27:00.000000','2023-05-01 10:27:00.000000','images/8809744190006.png',257,257),(258,'2023-05-01 10:27:00.000000','2023-05-01 10:27:00.000000','images/6258145652992.png',258,258),(259,'2023-05-01 10:27:00.000000','2023-05-01 10:27:00.000000','images/8801073142190.png',259,259),(260,'2023-05-01 10:27:00.000000','2023-05-01 10:27:00.000000','images/8806109193580.png',260,260),(261,'2023-05-01 10:27:00.000000','2023-05-01 10:27:00.000000','images/8809441530044.png',261,261),(262,'2023-05-01 10:27:00.000000','2023-05-01 10:27:00.000000','images/992423112465.png',262,262),(263,'2023-05-01 10:27:00.000000','2023-05-01 10:27:00.000000','images/8142871770844.png',263,263),(264,'2023-05-01 10:27:00.000000','2023-05-01 10:27:00.000000','images/7767252249830.png',264,264),(265,'2023-05-01 10:27:00.000000','2023-05-01 10:27:00.000000','images/4360062907104.png',265,265),(266,'2023-05-01 10:27:00.000000','2023-05-01 10:27:00.000000','images/3997791252680.png',266,266),(267,'2023-05-01 10:27:00.000000','2023-05-01 10:27:00.000000','images/5149158423132.png',267,267),(268,'2023-05-01 10:27:00.000000','2023-05-01 10:27:00.000000','images/1530313178610.png',268,268),(269,'2023-05-01 10:27:00.000000','2023-05-01 10:27:00.000000','images/3669323225614.png',269,269),(270,'2023-05-01 10:27:00.000000','2023-05-01 10:27:00.000000','images/8608554484712.png',270,270);
/*!40000 ALTER TABLE `item_detail_image` ENABLE KEYS */;
UNLOCK TABLES;

--
-- Table structure for table `item_item_coupon`
--

DROP TABLE IF EXISTS `item_item_coupon`;
/*!40101 SET @saved_cs_client     = @@character_set_client */;
/*!50503 SET character_set_client = utf8mb4 */;
CREATE TABLE `item_item_coupon` (
  `item_item_coupon_idx` int NOT NULL AUTO_INCREMENT,
  `create_time` datetime(6) DEFAULT NULL,
  `update_time` datetime(6) DEFAULT NULL,
  `item_idx` int DEFAULT NULL,
  `item_coupon_idx` int DEFAULT NULL,
  PRIMARY KEY (`item_item_coupon_idx`),
  KEY `FKstfwrnaryjld1dk5lcjcxhqyg` (`item_idx`),
  KEY `FKd7dhs6fcvjik1bop8u1bmivxp` (`item_coupon_idx`),
  CONSTRAINT `FKd7dhs6fcvjik1bop8u1bmivxp` FOREIGN KEY (`item_coupon_idx`) REFERENCES `item_coupon` (`item_coupon_idx`) ON DELETE CASCADE,
  CONSTRAINT `FKstfwrnaryjld1dk5lcjcxhqyg` FOREIGN KEY (`item_idx`) REFERENCES `item` (`item_idx`) ON DELETE CASCADE
) ENGINE=InnoDB AUTO_INCREMENT=9 DEFAULT CHARSET=utf8mb4 COLLATE=utf8mb4_unicode_ci;
/*!40101 SET character_set_client = @saved_cs_client */;

--
-- Dumping data for table `item_item_coupon`
--

LOCK TABLES `item_item_coupon` WRITE;
/*!40000 ALTER TABLE `item_item_coupon` DISABLE KEYS */;
INSERT INTO `item_item_coupon` VALUES (1,'2023-05-04 13:00:55.000000','2023-05-04 13:00:55.000000',1,1),(2,'2023-05-04 13:00:55.000000','2023-05-04 13:00:55.000000',2,2),(3,'2023-05-04 13:00:55.000000','2023-05-04 13:00:55.000000',3,3),(4,'2023-05-04 13:00:55.000000','2023-05-04 13:00:55.000000',4,4),(5,'2023-05-04 13:00:55.000000','2023-05-04 13:00:55.000000',5,5),(6,'2023-05-04 13:00:55.000000','2023-05-04 13:00:55.000000',6,6),(7,'2023-05-04 13:00:55.000000','2023-05-04 13:00:55.000000',7,7),(8,'2023-05-04 13:00:55.000000','2023-05-04 13:00:55.000000',8,8);
/*!40000 ALTER TABLE `item_item_coupon` ENABLE KEYS */;
UNLOCK TABLES;

--
-- Table structure for table `payment`
--

DROP TABLE IF EXISTS `payment`;
/*!40101 SET @saved_cs_client     = @@character_set_client */;
/*!50503 SET character_set_client = utf8mb4 */;
CREATE TABLE `payment` (
  `payment_idx` int NOT NULL AUTO_INCREMENT,
  `create_time` datetime(6) DEFAULT NULL,
  `update_time` datetime(6) DEFAULT NULL,
  `date` datetime(6) DEFAULT NULL,
  `market_name` varchar(255) COLLATE utf8mb4_unicode_ci DEFAULT NULL,
  `total` int DEFAULT NULL,
  `user_idx` int DEFAULT NULL,
  PRIMARY KEY (`payment_idx`),
  KEY `FKaa4ci12mejv4qbknopudb7rr5` (`user_idx`),
  CONSTRAINT `FKaa4ci12mejv4qbknopudb7rr5` FOREIGN KEY (`user_idx`) REFERENCES `user` (`user_idx`) ON DELETE CASCADE
) ENGINE=InnoDB AUTO_INCREMENT=8 DEFAULT CHARSET=utf8mb4 COLLATE=utf8mb4_unicode_ci;
/*!40101 SET character_set_client = @saved_cs_client */;

--
-- Dumping data for table `payment`
--

LOCK TABLES `payment` WRITE;
/*!40000 ALTER TABLE `payment` DISABLE KEYS */;
INSERT INTO `payment` VALUES (1,'2023-05-16 06:03:18.848124','2023-05-16 06:03:18.848124','2023-05-16 06:03:18.840765','역삼',2000,1),(2,'2023-05-16 06:43:09.622381','2023-05-16 06:43:09.622381','2023-05-16 06:43:09.621983','역삼',500,1),(3,'2023-05-16 07:06:23.257809','2023-05-16 07:06:23.257809','2023-05-16 07:06:23.257370','역삼',990,1),(4,'2023-05-16 07:08:05.470140','2023-05-16 07:08:05.470140','2023-05-16 07:08:05.469678','역삼',5700,1),(5,'2023-05-16 14:34:33.390227','2023-05-16 14:34:33.390227','2023-05-16 14:34:33.357236','역삼',87000,2),(6,'2023-05-16 14:38:41.016923','2023-05-16 14:38:41.016923','2023-05-16 14:38:41.016337','역삼',17900,2),(7,'2023-05-17 15:01:38.262669','2023-05-17 15:01:38.262669','2023-05-17 15:01:38.255533','역삼',16400,7);
/*!40000 ALTER TABLE `payment` ENABLE KEYS */;
UNLOCK TABLES;

--
-- Table structure for table `payment_detail`
--

DROP TABLE IF EXISTS `payment_detail`;
/*!40101 SET @saved_cs_client     = @@character_set_client */;
/*!50503 SET character_set_client = utf8mb4 */;
CREATE TABLE `payment_detail` (
  `payment_detail_idx` int NOT NULL AUTO_INCREMENT,
  `create_time` datetime(6) DEFAULT NULL,
  `update_time` datetime(6) DEFAULT NULL,
  `discount` int DEFAULT NULL,
  `quantity` int DEFAULT NULL,
  `total_price` int DEFAULT NULL,
  `item_idx` int DEFAULT NULL,
  `payment_idx` int DEFAULT NULL,
  PRIMARY KEY (`payment_detail_idx`),
  KEY `FK4jtbwo19nj1iv9640mds7cqnk` (`item_idx`),
  KEY `FKtnub0otjox07a65ekedyy7fu1` (`payment_idx`),
  CONSTRAINT `FK4jtbwo19nj1iv9640mds7cqnk` FOREIGN KEY (`item_idx`) REFERENCES `item` (`item_idx`) ON DELETE CASCADE,
  CONSTRAINT `FKtnub0otjox07a65ekedyy7fu1` FOREIGN KEY (`payment_idx`) REFERENCES `payment` (`payment_idx`) ON DELETE CASCADE
) ENGINE=InnoDB AUTO_INCREMENT=18 DEFAULT CHARSET=utf8mb4 COLLATE=utf8mb4_unicode_ci;
/*!40101 SET character_set_client = @saved_cs_client */;

--
-- Dumping data for table `payment_detail`
--

LOCK TABLES `payment_detail` WRITE;
/*!40000 ALTER TABLE `payment_detail` DISABLE KEYS */;
INSERT INTO `payment_detail` VALUES (1,'2023-05-16 06:03:18.869678','2023-05-16 06:03:18.869678',300,2,2000,1,1),(2,'2023-05-16 06:43:09.629985','2023-05-16 06:43:09.629985',700,1,500,8,2),(3,'2023-05-16 07:06:23.265391','2023-05-16 07:06:23.265391',300,1,990,5,3),(4,'2023-05-16 07:08:05.477425','2023-05-16 07:08:05.477425',700,1,5700,4,4),(5,'2023-05-16 14:34:33.486435','2023-05-16 14:34:33.486435',0,2,10400,2,5),(6,'2023-05-16 14:34:33.528017','2023-05-16 14:34:33.528017',0,2,9200,22,5),(7,'2023-05-16 14:34:33.538812','2023-05-16 14:34:33.538812',0,2,40000,222,5),(8,'2023-05-16 14:34:33.547347','2023-05-16 14:34:33.547347',0,1,20000,212,5),(9,'2023-05-16 14:34:33.556101','2023-05-16 14:34:33.556101',0,1,5400,112,5),(10,'2023-05-16 14:34:33.572870','2023-05-16 14:34:33.572870',0,1,2000,111,5),(11,'2023-05-16 14:38:41.025032','2023-05-16 14:38:41.025032',0,1,2000,111,6),(12,'2023-05-16 14:38:41.033364','2023-05-16 14:38:41.033364',0,1,1500,11,6),(13,'2023-05-16 14:38:41.041350','2023-05-16 14:38:41.041350',0,1,5200,2,6),(14,'2023-05-16 14:38:41.049979','2023-05-16 14:38:41.049979',0,2,9200,22,6),(15,'2023-05-17 15:01:38.284089','2023-05-17 15:01:38.284089',0,3,14100,259,7),(16,'2023-05-17 15:01:38.320403','2023-05-17 15:01:38.320403',0,1,500,256,7),(17,'2023-05-17 15:01:38.333427','2023-05-17 15:01:38.333427',0,1,1800,241,7);
/*!40000 ALTER TABLE `payment_detail` ENABLE KEYS */;
UNLOCK TABLES;

--
-- Table structure for table `review`
--

DROP TABLE IF EXISTS `review`;
/*!40101 SET @saved_cs_client     = @@character_set_client */;
/*!50503 SET character_set_client = utf8mb4 */;
CREATE TABLE `review` (
  `review_idx` int NOT NULL AUTO_INCREMENT,
  `create_time` datetime(6) DEFAULT NULL,
  `update_time` datetime(6) DEFAULT NULL,
  `content` varchar(255) COLLATE utf8mb4_unicode_ci DEFAULT NULL,
  `is_positive` bit(1) DEFAULT NULL,
  `star` int DEFAULT NULL,
  `item_idx` int DEFAULT NULL,
  `payment_detail_idx` int DEFAULT NULL,
  `user_idx` int DEFAULT NULL,
  PRIMARY KEY (`review_idx`),
  KEY `FKnctbsg0yo1s2s5i1p6cf2vjct` (`item_idx`),
  KEY `FKexln6fyayt22urd0s8vbdgucd` (`payment_detail_idx`),
  KEY `FKm5cd0xpkolu4skvx00yqhusgv` (`user_idx`),
  CONSTRAINT `FKexln6fyayt22urd0s8vbdgucd` FOREIGN KEY (`payment_detail_idx`) REFERENCES `payment_detail` (`payment_detail_idx`) ON DELETE CASCADE,
  CONSTRAINT `FKm5cd0xpkolu4skvx00yqhusgv` FOREIGN KEY (`user_idx`) REFERENCES `user` (`user_idx`) ON DELETE CASCADE,
  CONSTRAINT `FKnctbsg0yo1s2s5i1p6cf2vjct` FOREIGN KEY (`item_idx`) REFERENCES `item` (`item_idx`) ON DELETE CASCADE
) ENGINE=InnoDB AUTO_INCREMENT=6 DEFAULT CHARSET=utf8mb4 COLLATE=utf8mb4_unicode_ci;
/*!40101 SET character_set_client = @saved_cs_client */;

--
-- Dumping data for table `review`
--

LOCK TABLES `review` WRITE;
/*!40000 ALTER TABLE `review` DISABLE KEYS */;
INSERT INTO `review` VALUES (3,'2023-05-16 14:40:45.399994','2023-05-16 14:40:45.399994','빠개장면 광팬 나야나 나야나',_binary '\0',4,2,13,2),(4,'2023-05-16 15:06:19.951480','2023-05-16 15:06:19.951480','우유 또샀다',_binary '',5,22,14,2);
/*!40000 ALTER TABLE `review` ENABLE KEYS */;
UNLOCK TABLES;

--
-- Table structure for table `review_image`
--

DROP TABLE IF EXISTS `review_image`;
/*!40101 SET @saved_cs_client     = @@character_set_client */;
/*!50503 SET character_set_client = utf8mb4 */;
CREATE TABLE `review_image` (
  `review_image_idx` int NOT NULL AUTO_INCREMENT,
  `create_time` datetime(6) DEFAULT NULL,
  `update_time` datetime(6) DEFAULT NULL,
  `image` varchar(255) COLLATE utf8mb4_unicode_ci DEFAULT NULL,
  `item_idx` int DEFAULT NULL,
  `review_idx` int DEFAULT NULL,
  `user_idx` int DEFAULT NULL,
  PRIMARY KEY (`review_image_idx`),
  KEY `FK2jdrg8fvqygqn494r04124w6v` (`item_idx`),
  KEY `FK1q3u9pipcqesnlttu4hmgu7wi` (`review_idx`),
  KEY `FK46kd0cwesivk56v2lket06gob` (`user_idx`),
  CONSTRAINT `FK1q3u9pipcqesnlttu4hmgu7wi` FOREIGN KEY (`review_idx`) REFERENCES `review` (`review_idx`) ON DELETE CASCADE,
  CONSTRAINT `FK2jdrg8fvqygqn494r04124w6v` FOREIGN KEY (`item_idx`) REFERENCES `item` (`item_idx`) ON DELETE CASCADE,
  CONSTRAINT `FK46kd0cwesivk56v2lket06gob` FOREIGN KEY (`user_idx`) REFERENCES `user` (`user_idx`) ON DELETE CASCADE
) ENGINE=InnoDB DEFAULT CHARSET=utf8mb4 COLLATE=utf8mb4_unicode_ci;
/*!40101 SET character_set_client = @saved_cs_client */;

--
-- Dumping data for table `review_image`
--

LOCK TABLES `review_image` WRITE;
/*!40000 ALTER TABLE `review_image` DISABLE KEYS */;
/*!40000 ALTER TABLE `review_image` ENABLE KEYS */;
UNLOCK TABLES;

--
-- Table structure for table `user`
--

DROP TABLE IF EXISTS `user`;
/*!40101 SET @saved_cs_client     = @@character_set_client */;
/*!50503 SET character_set_client = utf8mb4 */;
CREATE TABLE `user` (
  `user_idx` int NOT NULL AUTO_INCREMENT,
  `create_time` datetime(6) DEFAULT NULL,
  `update_time` datetime(6) DEFAULT NULL,
  `email` varchar(255) COLLATE utf8mb4_unicode_ci DEFAULT NULL,
  `name` varchar(255) COLLATE utf8mb4_unicode_ci DEFAULT NULL,
  `password` varchar(255) COLLATE utf8mb4_unicode_ci DEFAULT NULL,
  `qrcode` varchar(255) COLLATE utf8mb4_unicode_ci DEFAULT NULL,
  PRIMARY KEY (`user_idx`)
) ENGINE=InnoDB AUTO_INCREMENT=8 DEFAULT CHARSET=utf8mb4 COLLATE=utf8mb4_unicode_ci;
/*!40101 SET character_set_client = @saved_cs_client */;

--
-- Dumping data for table `user`
--

LOCK TABLES `user` WRITE;
/*!40000 ALTER TABLE `user` DISABLE KEYS */;
INSERT INTO `user` VALUES (1,'2023-05-15 17:32:49.802764','2023-05-15 17:32:49.802764','1','1','1','qrcode/1d7408c0-2615-40f8-b0a3-db212912bf04.png'),(2,'2023-05-15 20:45:59.653841','2023-05-15 20:45:59.653841','nyanya','냐냐','sisi','qrcode/1a653e7c-5472-4d3e-9021-4f0a1732ac38.png'),(3,'2023-05-15 20:47:24.965117','2023-05-15 20:47:24.965117','1016','은비','1016','qrcode/118a3417-a00b-453a-9fa5-868cb071dbba.png'),(4,'2023-05-16 12:43:20.229804','2023-05-16 12:43:20.229804','2','2','','qrcode/6a386386-057f-4898-9b25-01068c63af2a.png'),(5,'2023-05-16 15:27:03.011226','2023-05-16 15:27:03.011226','mh','mh','mh','qrcode/c1047ab6-26b0-476c-ad3f-5e73ea949a1d.png'),(6,'2023-05-17 11:08:16.374553','2023-05-17 11:08:16.374553','consultant','컨설턴트','a405','qrcode/6f3f46c3-a58d-4056-bf42-9d5f3074cea6.png'),(7,'2023-05-17 13:39:05.895330','2023-05-17 13:39:05.895330','ucc','ucc','ucc','qrcode/16da1ef5-6680-46bb-ad29-4a30e08a53b3.png');
/*!40000 ALTER TABLE `user` ENABLE KEYS */;
UNLOCK TABLES;
/*!40103 SET TIME_ZONE=@OLD_TIME_ZONE */;

/*!40101 SET SQL_MODE=@OLD_SQL_MODE */;
/*!40014 SET FOREIGN_KEY_CHECKS=@OLD_FOREIGN_KEY_CHECKS */;
/*!40014 SET UNIQUE_CHECKS=@OLD_UNIQUE_CHECKS */;
/*!40101 SET CHARACTER_SET_CLIENT=@OLD_CHARACTER_SET_CLIENT */;
/*!40101 SET CHARACTER_SET_RESULTS=@OLD_CHARACTER_SET_RESULTS */;
/*!40101 SET COLLATION_CONNECTION=@OLD_COLLATION_CONNECTION */;
/*!40111 SET SQL_NOTES=@OLD_SQL_NOTES */;

-- Dump completed on 2023-05-17 16:19:31