use red-limo-db;
insert into item (item_idx, create_time, update_time, barcode, inventory, item_name, place_info, price, thumbnail, weight, category_idx)
values  (241, '2023-05-01 10:27:00', '2023-05-01 10:27:00', '8801048921706', 100, '비타500에 이슬', '66', 1800, 'images/8801048921706_thumb.png', 200, 1),
        (242, '2023-05-01 10:27:00', '2023-05-01 10:27:00', '8801047111818', 100, '동원참치 135g', '18', 2900, 'images/8801047111818_thumb.png', 135, 1),
        (243, '2023-05-01 10:27:00', '2023-05-01 10:27:00', '8801047181101', 100, '리챔 200g', '18', 3500, 'images/8801047181101_thumb.png', 200, 1),
        (244, '2023-05-01 10:27:00', '2023-05-01 10:27:00', '8801042697249', 100, '미쟝센 데미지 케어 자몽로즈 에디션 샴푸', '12', 5000, 'images/8801042697249_thumb.png', 700, 3),
        (245, '2023-05-01 10:27:00', '2023-05-01 10:27:00', '8809297826650', 100, '프리미엄 칼슘 마그네슘 아연 비타민D', '1', 15000, 'images/8809297826650_thumb.png', 100, 4),
        (246, '2023-05-01 10:27:00', '2023-05-01 10:27:00', '8801043015608', 100, '짜파게티 범벅 70g', '17', 800, 'images/8801043015608_thumb.png', 70, 1),
        (247, '2023-05-01 10:27:00', '2023-05-01 10:27:00', '8801045570082', 100, '진라면 매운맛 65g', '17', 900, 'images/8801045570082_thumb.png', 65, 1),
        (248, '2023-05-01 10:27:00', '2023-05-01 10:27:00', '8801007872025', 100, '비비고 누룽지 닭백숙죽', '18', 2500, 'images/8801007872025_thumb.png', 120, 1),
        (249, '2023-05-01 10:27:00', '2023-05-01 10:27:00', '8801007791722', 100, '비비고 녹두닭죽', '18', 2500, 'images/8801007791722_thumb.png', 120, 1),
        (250, '2023-05-01 10:27:00', '2023-05-01 10:27:00', '8806080005285', 100, '스카치 브라이트 청소포 50매입', '11', 8500, 'images/8806080005285_thumb.png', 100, 3),
        (251, '2023-05-01 10:27:00', '2023-05-01 10:27:00', '8801223005924', 100, '초정탄산수 190ml', '65', 1200, 'images/8801223005924_thumb.png', 190, 1),
        (252, '2023-05-01 10:27:00', '2023-05-01 10:27:00', '8809856140128', 100, '콩순이 비눗방울 놀이', '22', 1000, 'images/8809856140128_thumb.png', 50, 5),
        (253, '2023-05-01 10:27:00', '2023-05-01 10:27:00', '14883120006', 100, 'JM 루이스 박스 반팔티셔츠', '22', 17000, 'images/14883120006_thumb.png', 100, 5),
        (254, '2023-05-01 10:27:00', '2023-05-01 10:27:00', '8809228971442', 100, 'IPTIME N704', '7', 56000, 'images/8809228971442_thumb.png', 100, 6),
        (255, '2023-05-01 10:27:00', '2023-05-01 10:27:00', '8801753001113', 100, '연세대학교 고칼슘 두유 200ml', '64', 1000, 'images/8801753001113_thumb.png', 200, 1),
        (256, '2023-05-01 10:27:00', '2023-05-01 10:27:00', '8808739000054', 100, '친환경 종이컵 50개입', '13', 500, 'images/8808739000054_thumb.png', 70, 3),
        (257, '2023-05-01 10:27:00', '2023-05-01 10:27:00', '8809744190006', 100, '더블에스지 프리미엄 황사방역마스크 KF94', '2', 1000, 'images/8809744190006_thumb.png', 1, 4),
        (258, '2023-05-01 10:27:00', '2023-05-01 10:27:00', '6258145652992', 100, '스마트케어 블루민트 치약', '11', 3000, 'images/6258145652992_thumb.png', 50, 3),
        (259, '2023-05-01 10:27:00', '2023-05-01 10:27:00', '8801073142190', 100, '까르보 불닭볶음면 4개입', '17', 4700, 'images/8801073142190_thumb.png', 260, 1),
        (260, '2023-05-01 10:27:00', '2023-05-01 10:27:00', '8806109193580', 100, '마데카 메디패치 1매', '2', 2000, 'images/8806109193580_thumb.png', 20, 4),
        (261, '2023-05-01 10:27:00', '2023-05-01 10:27:00', '8809441530044', 100, 'LETTER PAD', '21', 3000, 'images/8809441530044_thumb.png', 120, 5),
        (262, '2023-05-01 10:27:00', '2023-05-01 10:27:00', '0992423112465', 100, '햇반 210g', '15', 1300, 'images/992423112465_thumb.png', 210, 2),
        (263, '2023-05-01 10:27:00', '2023-05-01 10:27:00', '8142871770844', 100, '도넛킬러 도넛 4개입', '18', 15000, 'images/8142871770844_thumb.png', 300, 1),
        (264, '2023-05-01 10:27:00', '2023-05-01 10:27:00', '7767252249830', 100, '탐사트리플 냉장고 탈취제', '14', 3000, 'images/7767252249830_thumb.png', 300, 3),
        (265, '2023-05-01 10:27:00', '2023-05-01 10:27:00', '4360062907104', 100, '꿀이구마 호박찹쌀약과', '18', 700, 'images/4360062907104_thumb.png', 30, 1),
        (266, '2023-05-01 10:27:00', '2023-05-01 10:27:00', '3997791252680', 100, '스포츠 미니 볼 S size', '3', 5000, 'images/3997791252680_thumb.png', 70, 8),
        (267, '2023-05-01 10:27:00', '2023-05-01 10:27:00', '5149158423132', 100, '삼보에드텍 viamvina 노트', '21', 2000, 'images/5149158423132_thumb.png', 100, 5),
        (268, '2023-05-01 10:27:00', '2023-05-01 10:27:00', '1530313178610', 100, '빨간 양말 인형', '5', 2000, 'images/1530313178610_thumb.png', 50, 7),
        (269, '2023-05-01 10:27:00', '2023-05-01 10:27:00', '3669323225614', 100, '고등어', '20', 7000, 'images/3669323225614_thumb.png', 120, 2),
        (270, '2023-05-01 10:27:00', '2023-05-01 10:27:00', '8608554484712', 100, '도리토스 나쵸치즈맛', '17', 1700, 'images/8608554484712_thumb.png', 84, 1);

insert into item_detail (item_detail_idx, create_time, update_time, content, item_idx)
values  (241, '2023-05-01 10:27:00', '2023-05-01 10:27:00', 'images/8801048921706_content.jpg', 241),
        (242, '2023-05-01 10:27:00', '2023-05-01 10:27:00', 'images/8801047111818_content.jpg', 242),
        (243, '2023-05-01 10:27:00', '2023-05-01 10:27:00', 'images/8801047181101_content.jpg', 243),
        (244, '2023-05-01 10:27:00', '2023-05-01 10:27:00', 'images/8801042697249_content.jpg', 244),
        (245, '2023-05-01 10:27:00', '2023-05-01 10:27:00', 'images/8809297826650_content.jpg', 245),
        (246, '2023-05-01 10:27:00', '2023-05-01 10:27:00', 'images/8801043015608_content.jpg', 246),
        (247, '2023-05-01 10:27:00', '2023-05-01 10:27:00', 'images/8801045570082_content.jpg', 247),
        (248, '2023-05-01 10:27:00', '2023-05-01 10:27:00', 'images/8801007872025_content.jpg', 248),
        (249, '2023-05-01 10:27:00', '2023-05-01 10:27:00', 'images/8801007791722_content.jpg', 249),
        (250, '2023-05-01 10:27:00', '2023-05-01 10:27:00', 'images/8806080005285_content.jpg', 250),
        (251, '2023-05-01 10:27:00', '2023-05-01 10:27:00', 'images/8801223005924_content.jpg', 251),
        (252, '2023-05-01 10:27:00', '2023-05-01 10:27:00', 'images/8809856140128_content.jpg', 252),
        (253, '2023-05-01 10:27:00', '2023-05-01 10:27:00', 'images/14883120006_content.jpg', 253),
        (254, '2023-05-01 10:27:00', '2023-05-01 10:27:00', 'images/8809228971442_content.jpg', 254),
        (255, '2023-05-01 10:27:00', '2023-05-01 10:27:00', 'images/8801753001113_content.jpg', 255),
        (256, '2023-05-01 10:27:00', '2023-05-01 10:27:00', 'images/8808739000054_content.jpg', 256),
        (257, '2023-05-01 10:27:00', '2023-05-01 10:27:00', 'images/8809744190006_content.jpg', 257),
        (258, '2023-05-01 10:27:00', '2023-05-01 10:27:00', 'images/6258145652992_content.jpg', 258),
        (259, '2023-05-01 10:27:00', '2023-05-01 10:27:00', 'images/8801073142190_content.jpg', 259),
        (260, '2023-05-01 10:27:00', '2023-05-01 10:27:00', 'images/8806109193580_content.jpg', 260),
        (261, '2023-05-01 10:27:00', '2023-05-01 10:27:00', 'images/8809441530044_content.jpg', 261),
        (262, '2023-05-01 10:27:00', '2023-05-01 10:27:00', 'images/992423112465_content.jpg', 262),
        (263, '2023-05-01 10:27:00', '2023-05-01 10:27:00', 'images/8142871770844_content.jpg', 263),
        (264, '2023-05-01 10:27:00', '2023-05-01 10:27:00', 'images/7767252249830_content.jpg', 264),
        (265, '2023-05-01 10:27:00', '2023-05-01 10:27:00', 'images/4360062907104_content.jpg', 265),
        (266, '2023-05-01 10:27:00', '2023-05-01 10:27:00', 'images/3997791252680_content.jpg', 266),
        (267, '2023-05-01 10:27:00', '2023-05-01 10:27:00', 'images/5149158423132_content.jpg', 267),
        (268, '2023-05-01 10:27:00', '2023-05-01 10:27:00', 'images/1530313178610_content.jpg', 268),
        (269, '2023-05-01 10:27:00', '2023-05-01 10:27:00', 'images/3669323225614_content.jpg', 269),
        (270, '2023-05-01 10:27:00', '2023-05-01 10:27:00', 'images/8608554484712_content.jpg', 270);

insert into item_detail_image (item_detail_image_idx, create_time, update_time, image, item_idx, item_detail_idx)
values  (241, '2023-05-01 10:27:00', '2023-05-01 10:27:00', 'images/8801048921706.png', 241, 241),
        (242, '2023-05-01 10:27:00', '2023-05-01 10:27:00', 'images/8801047111818.png', 242, 242),
        (243, '2023-05-01 10:27:00', '2023-05-01 10:27:00', 'images/8801047181101.png', 243, 243),
        (244, '2023-05-01 10:27:00', '2023-05-01 10:27:00', 'images/8801042697249.png', 244, 244),
        (245, '2023-05-01 10:27:00', '2023-05-01 10:27:00', 'images/8809297826650.png', 245, 245),
        (246, '2023-05-01 10:27:00', '2023-05-01 10:27:00', 'images/8801043015608.png', 246, 246),
        (247, '2023-05-01 10:27:00', '2023-05-01 10:27:00', 'images/8801045570082.png', 247, 247),
        (248, '2023-05-01 10:27:00', '2023-05-01 10:27:00', 'images/8801007872025.png', 248, 248),
        (249, '2023-05-01 10:27:00', '2023-05-01 10:27:00', 'images/8801007791722.png', 249, 249),
        (250, '2023-05-01 10:27:00', '2023-05-01 10:27:00', 'images/8806080005285.png', 250, 250),
        (251, '2023-05-01 10:27:00', '2023-05-01 10:27:00', 'images/8801223005924.png', 251, 251),
        (252, '2023-05-01 10:27:00', '2023-05-01 10:27:00', 'images/8809856140128.png', 252, 252),
        (253, '2023-05-01 10:27:00', '2023-05-01 10:27:00', 'images/14883120006.png', 253, 253),
        (254, '2023-05-01 10:27:00', '2023-05-01 10:27:00', 'images/8809228971442.png', 254, 254),
        (255, '2023-05-01 10:27:00', '2023-05-01 10:27:00', 'images/8801753001113.png', 255, 255),
        (256, '2023-05-01 10:27:00', '2023-05-01 10:27:00', 'images/8808739000054.png', 256, 256),
        (257, '2023-05-01 10:27:00', '2023-05-01 10:27:00', 'images/8809744190006.png', 257, 257),
        (258, '2023-05-01 10:27:00', '2023-05-01 10:27:00', 'images/6258145652992.png', 258, 258),
        (259, '2023-05-01 10:27:00', '2023-05-01 10:27:00', 'images/8801073142190.png', 259, 259),
        (260, '2023-05-01 10:27:00', '2023-05-01 10:27:00', 'images/8806109193580.png', 260, 260),
        (261, '2023-05-01 10:27:00', '2023-05-01 10:27:00', 'images/8809441530044.png', 261, 261),
        (262, '2023-05-01 10:27:00', '2023-05-01 10:27:00', 'images/992423112465.png', 262, 262),
        (263, '2023-05-01 10:27:00', '2023-05-01 10:27:00', 'images/8142871770844.png', 263, 263),
        (264, '2023-05-01 10:27:00', '2023-05-01 10:27:00', 'images/7767252249830.png', 264, 264),
        (265, '2023-05-01 10:27:00', '2023-05-01 10:27:00', 'images/4360062907104.png', 265, 265),
        (266, '2023-05-01 10:27:00', '2023-05-01 10:27:00', 'images/3997791252680.png', 266, 266),
        (267, '2023-05-01 10:27:00', '2023-05-01 10:27:00', 'images/5149158423132.png', 267, 267),
        (268, '2023-05-01 10:27:00', '2023-05-01 10:27:00', 'images/1530313178610.png', 268, 268),
        (269, '2023-05-01 10:27:00', '2023-05-01 10:27:00', 'images/3669323225614.png', 269, 269),
        (270, '2023-05-01 10:27:00', '2023-05-01 10:27:00', 'images/8608554484712.png', 270, 270);